Numero,Titulo,Compositor_Melodia,Compositor_Letra,Arquivo
1,Não há medo (Entrada),"Fr. Fabretti, ofm",J. Thomaz Filho,cantos/1_Não_há_medo_Entrada.pdf
2,"Vinde, Espírito de Deus","Frei Fabreti, ofm",J. Thomaz Filho,cantos/2_Vinde_Espírito_de_Deus.pdf
3,O Meu Espírito Conduz (Aclamação ao Evangelho),Fr. Fabreti,J. Thomaz Filho,cantos/3_O_Meu_Espírito_Conduz_Aclamação_ao_Evangelho.pdf
4,"Ó Pai, que pelo Espírito (Oferendas)","Fr. Fabreti, ofm",J. Thomaz filho,cantos/4_Ó_Pai_que_pelo_Espírito_Oferendas.pdf
5,Cantar a Beleza da Vida (Comunhão),Fr. Fabreti,J. Thomaz Filho,cantos/5_Cantar_a_Beleza_da_Vida_Comunhão.pdf
6,Os Panos Dobrados no Chão (Louvor Final),Fr. Fabreti,J. Thomaz Filho,cantos/6_Os_Panos_Dobrados_no_Chão_Louvor_Final.pdf
7,A Salvação do Nosso Deus,"Frei Fabreti, ofm",,cantos/7_A_Salvação_do_Nosso_Deus.pdf
8,Tua Palavra é uma Candeia,,,cantos/8_Tua_Palavra_é_uma_Candeia.pdf
9,Desde a Manhã Preparo uma Oferenda,,,cantos/9_Desde_a_Manhã_Preparo_uma_Oferenda.pdf
10,"Convertei-vos, Senhor Deus do Mundo",Fr. Fabreti,,cantos/10_Convertei-vos_Senhor_Deus_do_Mundo.pdf
11,Nascerá o Príncipe da Paz,Fr. Fabreti,,cantos/11_Nascerá_o_Príncipe_da_Paz.pdf
12,Há Todo um Povo,Ir. Cecília Vaz Castilho,,cantos/12_Há_Todo_um_Povo.pdf
14,Bem Feliz é o Manso e o Pobre,,,cantos/14_Bem_Feliz_é_o_Manso_e_o_Pobre.pdf
15,"Pouco a Pouco, Lentamente",,,cantos/15_Pouco_a_Pouco_Lentamente.pdf
16,Se Calarem a Voz dos Profetas,,,cantos/16_Se_Calarem_a_Voz_dos_Profetas.pdf
18,Celebremos na Alegria,Ir. Míria T. Kolling,,cantos/18_Celebremos_na_Alegria.pdf
19,"Senhor, se Tua voz não ouvi",Ir. Míria T. Kolling,,cantos/19_Senhor_se_Tua_voz_não_ouvi.pdf
20,Glória,Ir. Míria T. Kolling,,cantos/20_Glória.pdf
21,Como Maria Agora vou ouvir(Aclamação ao Evangelho),Ir. Míria T. Kolling,,cantos/21_Como_Maria_Agora_vou_ouvirAclamação_ao_Evangelho.pdf
22,"Em Caná o teu amor, Maria (Oferendas)",Ir. Míria T. Kolling,,cantos/22_Em_Caná_o_teu_amor_Maria_Oferendas.pdf
23,Santo!,Ir. Míria T. Kolling,,cantos/23_Santo.pdf
24,Quando teu Filho vier (Comunhão),Ir. Míria T. Kolling,,cantos/24_Quando_teu_Filho_vier_Comunhão.pdf
25,"Se, Maria, vais comigo",Ir. Míria T. Kolling,,cantos/25_Se_Maria_vais_comigo.pdf
36,"Vou deixar vocês, irmãos!",Ir. Míria T. Kolling,,cantos/36_Vou_deixar_vocês_irmãos.pdf
38,É grande o Senhor (Entrada),Letra: J. Thomaz Filho,,cantos/38_É_grande_o_Senhor_Entrada.pdf
39,Aleluia! Primavera (Aclamação ao Evangelho),Fr. Fabreti,J. Thomaz Filho,cantos/39_Aleluia_Primavera_Aclamação_ao_Evangelho.pdf
40,Como vai ser?,Fr. Fabreti,J. Thomaz Filho,cantos/40_Como_vai_ser.pdf
41,Povo de Deus foi assim (Comunhão),Fr. Fabreti,J. Thomaz Filho,cantos/41_Povo_de_Deus_foi_assim_Comunhão.pdf
42,Das forças da natureza (Louvor final),Fr. Fabreti,J. Thomaz Filho,cantos/42_Das_forças_da_natureza_Louvor_final.pdf
43,Vou lhes preparar no céu,"Jo 14,1...",,cantos/43_Vou_lhes_preparar_no_céu.pdf
44,"Senhor, em ti espero (Salmo responsorial)",Ir. Míria T. Kolling,,cantos/44_Senhor_em_ti_espero_Salmo_responsorial.pdf
45,Sou a Vida!,Jo 11,,cantos/45_Sou_a_Vida.pdf
46,Nem a vida nem a morte (Oferendas),"Rom 8,31...",,cantos/46_Nem_a_vida_nem_a_morte_Oferendas.pdf
47,A nossa vida a um sopro é semelhante (Comunhão),,,cantos/47_A_nossa_vida_a_um_sopro_é_semelhante_Comunhão.pdf
48,"Maria, ó Mãe cheia de graça",Ir. Míria T. Kolling,,cantos/48_Maria_ó_Mãe_cheia_de_graça.pdf
49,Nosso Deus viu que o tempo chegou (Entrada),"Frei Fabreti, ofm",J. Thomaz Filho,cantos/49_Nosso_Deus_viu_que_o_tempo_chegou_Entrada.pdf
50,Pequenino se fez nosso irmão,,,cantos/50_Pequenino_se_fez_nosso_irmão.pdf
51,Aleluia! Quem diria!,Fr. Fabreti,J. Thomaz Filho,cantos/51_Aleluia_Quem_diria.pdf
52,"Longe, distante de casa",Fr. Fabreti,J. Thomaz Filho,cantos/52_Longe_distante_de_casa.pdf
53,Deus nos espera em Belém,Fr. Fabreti,J. Thomaz Filho,cantos/53_Deus_nos_espera_em_Belém.pdf
54,A felicidade tem nome,Fr. Fabreti,J. Thomaz Filho,cantos/54_A_felicidade_tem_nome.pdf
55,Sabe quanto custa um filho,"Frei Fabreti, ofm",J. Thomaz Filho,cantos/55_Sabe_quanto_custa_um_filho.pdf
56,Terra inteira louvai ao Senhor,Fr Fabreti,J. Thomaz Filho,cantos/56_Terra_inteira_louvai_ao_Senhor.pdf
57,Aleluia! Aleluia!,Fr. Fabreti,J. Thomaz Filho,cantos/57_Aleluia_Aleluia.pdf
58,Tanto que esperou pudesse um dia,Fr. Fabreti,J. Thomaz Filho,cantos/58_Tanto_que_esperou_pudesse_um_dia.pdf
59,O meu Reino tem muito a dizer,,,cantos/59_O_meu_Reino_tem_muito_a_dizer.pdf
60,O amor de Deus,,,cantos/60_O_amor_de_Deus.pdf
61,"Venha, irmão, vamos trabalhar",J. Roberto,,cantos/61_Venha_irmão_vamos_trabalhar.pdf
62,Proclamai às nações a sua glória,Fr. Fabretti,,cantos/62_Proclamai_às_nações_a_sua_glória.pdf
63,"Aleluia, aleluia",F. Wozniack,,cantos/63_Aleluia_aleluia.pdf
64,Aos doze que estavam contigo,F. Wozniack,,cantos/64_Aos_doze_que_estavam_contigo.pdf
65,No ventre da Terra,C. Kuhn,,cantos/65_No_ventre_da_Terra.pdf
66,Sem fronteiras (Louvor final),Ir. Míria T. Kolling,,cantos/66_Sem_fronteiras_Louvor_final.pdf
67,"Vem, meu povo da cidade (Entrada)",Ir. Míria T. Kolling,,cantos/67_Vem_meu_povo_da_cidade_Entrada.pdf
68,Glória a Deus!,,,cantos/68_Glória_a_Deus.pdf
69,"Segurança, felicidade",,,cantos/69_Segurança_felicidade.pdf
70,Jubilosos entoemos,,,cantos/70_Jubilosos_entoemos.pdf
71,Quem vai com lágrimas (Oferendas),,,cantos/71_Quem_vai_com_lágrimas_Oferendas.pdf
72,Santo!,,,cantos/72_Santo.pdf
73,Amém! Eu aceito (Comunhão),Ir. Míria T. Kolling,,cantos/73_Amém_Eu_aceito_Comunhão.pdf
74,Sinto a Deus,Ir. Míria T. Kolling,,cantos/74_Sinto_a_Deus.pdf
75,"Senhor, Tu me chamaste (Entrada)",Ir. Míria T. Kolling,,cantos/75_Senhor_Tu_me_chamaste_Entrada.pdf
76,O Senhor é minha luz (Salmo 26),Ir. Míria T. Kolling,,cantos/76_O_Senhor_é_minha_luz_Salmo_26.pdf
77,"Aleluia, eu vim para cumprir(Aclamação ao Evangelho)","Mt 16,24-26.42",,cantos/77_Aleluia_eu_vim_para_cumprirAclamação_ao_Evangelho.pdf
78,"Tu és, Senhor, a riqueza (Oferendas)",Ir. Míria T. Kolling,,cantos/78_Tu_és_Senhor_a_riqueza_Oferendas.pdf
79,Foi com eterno amor (Comunhão),Ir. Míria T. Kolling,,cantos/79_Foi_com_eterno_amor_Comunhão.pdf
80,No mistério profundo (Louvor final),Ir. Míria T. Kolling,,cantos/80_No_mistério_profundo_Louvor_final.pdf
81,Te louvo meu Senhor (Entrada),Fr. Fabreti,J. Thomaz Filho,cantos/81_Te_louvo_meu_Senhor_Entrada.pdf
82,Bem alegres cantai (Salmo responsorial - Sl 95),Fr. Fabreti,J. Thomaz Filho,cantos/82_Bem_alegres_cantai_Salmo_responsorial_-_Sl_95.pdf
83,Aleluia! Rendei graças (Aclamação ao Evangelho),Fr. Fabreti,J. Thomaz Filho,cantos/83_Aleluia_Rendei_graças_Aclamação_ao_Evangelho.pdf
84,Quem se propõe cultivar (Oferendas),Fr. Fabreti,J. Thomaz Filho,cantos/84_Quem_se_propõe_cultivar_Oferendas.pdf
85,Por esta paz (Comunhão),Fr. Fabreti,J. Thomaz Filho,cantos/85_Por_esta_paz_Comunhão.pdf
86,Eu Te Exaltarei (Louvor Final),Fr. Fabreti,J. Thomaz Filho,cantos/86_Eu_Te_Exaltarei_Louvor_Final.pdf
87,É o amor de Cristo (Entrada),Fr. Fabreti,Pe. Virgilio,cantos/87_É_o_amor_de_Cristo_Entrada.pdf
88,Aleluia! Vamos irmão,Fr. Fabreti,Pe. Virgílio,cantos/88_Aleluia_Vamos_irmão.pdf
89,"És, Jesus, a oferta preferida (Oferendas)",Fr. Fabreti,Pe. Virgilio,cantos/89_És_Jesus_a_oferta_preferida_Oferendas.pdf
90,"Vim de longe, de outras terras (Comunhão)",Fr. Fabreti,Pe. Virgilio,cantos/90_Vim_de_longe_de_outras_terras_Comunhão.pdf
91,"Jesus, o Cristo (Louvor final)",Fr. Fabreti,Pe. Virgilio,cantos/91_Jesus_o_Cristo_Louvor_final.pdf
92,"Vinde, aprendei (Entrada)",Ir. Míria T. Kolling,J Thomaz Filho,cantos/92_Vinde_aprendei_Entrada.pdf
93,Quantas vezes (Ato penitencial),Ir. Míria T. Kolling,J. Thomaz Filho,cantos/93_Quantas_vezes_Ato_penitencial.pdf
94,"Tua Palavra, Senhor (Salmo de meditação)",Ir. Míria T. Kolling,,cantos/94_Tua_Palavra_Senhor_Salmo_de_meditação.pdf
95,"Aleluia, quando meu barco vaci(lAaclamação ao Evangelho)",Ir. Míria T. Kolling,J. Thomaz Filho,cantos/95_Aleluia_quando_meu_barco_vacilAaclamação_ao_Evange.pdf
96,Enfrentei o dia inteiro (Oferendas),Ir. Míria T. Kolling,J. Thomaz Filho,cantos/96_Enfrentei_o_dia_inteiro_Oferendas.pdf
97,Vem comigo à minha mesa (Comunhão),Ir. Míria T. Kolling,J. Thomaz Filho,cantos/97_Vem_comigo_à_minha_mesa_Comunhão.pdf
98,"Venham, benditos do Pai (Louvor final)",Ir. Míria T. Kolling,J. Thomaz Filho,cantos/98_Venham_benditos_do_Pai_Louvor_final.pdf
99,De todos cantos viemos (Entrada),Zé Vicente,,cantos/99_De_todos_cantos_viemos_Entrada.pdf
100,Chegou a hoArcalamação ao Evangelho/Procissão da Palavra,Zé Vicente,,cantos/100_Chegou_a_hoArcalamação_ao_EvangelhoProcissão_da_Pa.pdf
101,Nesta mesa (Oferendas),Zé Vicente,,cantos/101_Nesta_mesa_Oferendas.pdf
102,O pão sofrido (Comunhão),Zé Vicente,,cantos/102_O_pão_sofrido_Comunhão.pdf
103,"Ó vem, Senhor! (Louvor final)",Zé Vicente,,cantos/103_Ó_vem_Senhor_Louvor_final.pdf
104,Desde a eternidade (Entrada),Fr. Fabreti,J. Thomaz Filho,cantos/104_Desde_a_eternidade_Entrada.pdf
105,Quão formosos (Salmo responsorial),Fr. Fabreti,,cantos/105_Quão_formosos_Salmo_responsorial.pdf
106,Aleluia! Graças eu te dou (Aclamação ao Evangelho),Fr. Fabreti,J. Thomaz Filho,cantos/106_Aleluia_Graças_eu_te_dou_Aclamação_ao_Evangelho.pdf
107,Nas tuas mãos (Oferendas),Fr. Fabreti,J. Thomaz Filho,cantos/107_Nas_tuas_mãos_Oferendas.pdf
108,Vejam (Comunhão),Fr. Fabreti,J. Thomaz Filho,cantos/108_Vejam_Comunhão.pdf
109,Nosso povo nossa gente,Fr. Fabreti,,cantos/109_Nosso_povo_nossa_gente.pdf
110,Todo cansaço que quer nos dobrar (Entrada),Fr. Fabreti,J. Thomaz Filho,cantos/110_Todo_cansaço_que_quer_nos_dobrar_Entrada.pdf
111,Aleluia (Aclamação),Fr. Fabreti,J. Thomaz Filho,cantos/111_Aleluia_Aclamação.pdf
112,Bem sabemos (Oferendas),Fr. Fabreti,J. Thomaz Filho,cantos/112_Bem_sabemos_Oferendas.pdf
113,"Por Cristo, com Cristo... (Aclamação com louvor)",Fr. Fabreti,,cantos/113_Por_Cristo_com_Cristo_Aclamação_com_louvor.pdf
114,Vamos rever os nossos passos (Comunhão),Fr. fabreti,"J, Thomaz Filho",cantos/114_Vamos_rever_os_nossos_passos_Comunhão.pdf
115,Se um só Deus é nosso Pai (Louvor final),Fr. Fabreti,J. Thomaz Filho,cantos/115_Se_um_só_Deus_é_nosso_Pai_Louvor_final.pdf
116,"Senhor, piedade",Gen Rosso,,cantos/116_Senhor_piedade.pdf
117,Glória a Deus (Hino de louvor),RCC,,cantos/117_Glória_a_Deus_Hino_de_louvor.pdf
118,Santo!,Gen Rosso,,cantos/118_Santo.pdf
120,Esteja sempre com você,Agostinho B. Soares,,cantos/120_Esteja_sempre_com_você.pdf
122,Cordeiro de Deus!,Fr. Fabreti,,cantos/122_Cordeiro_de_Deus.pdf
123,"Perdão, Senhor!",Casimiro Nogueira,,cantos/123_Perdão_Senhor.pdf
125,Santo!,Casimiro Nogueira,,cantos/125_Santo.pdf
126,Após a Consagração,Fr. Beraldo,,cantos/126_Após_a_Consagração.pdf
127,Aclamações para a Oração Eucarística V,Fr. Beraldo,,cantos/127_Aclamações_para_a_Oração_Eucarística_V.pdf
128,Doxologia,Fr. Beraldo,,cantos/128_Doxologia.pdf
129,"Senhor, que viestes salvar (Ato penitencial)","Frei Fabreti, ofm",,cantos/129_Senhor_que_viestes_salvar_Ato_penitencial.pdf
130,Glória a Deus nas alturas,Fr. Fabreti,J. Thomaz Filho,cantos/130_Glória_a_Deus_nas_alturas.pdf
131,Santo dos Anjos!,Popular peruano,,cantos/131_Santo_dos_Anjos.pdf
132,Cordeiro de Deus!,Fr. Fabreti,,cantos/132_Cordeiro_de_Deus.pdf
133,Senhor!,Pe. José Cândido,,cantos/133_Senhor.pdf
134,Glória!,Ir. Míria T. Kolling,,cantos/134_Glória.pdf
135,Santo,Pe. José Cândido,,cantos/135_Santo.pdf
136,Após a Consagração,Pe. José Cândido,,cantos/136_Após_a_Consagração.pdf
137,Doxologia,Louvação tradicional na República dos Camarões,,cantos/137_Doxologia.pdf
138,Pai Nosso!,Ir. Míria T. Kolling,,cantos/138_Pai_Nosso.pdf
140,"Perdão Senhor, eu me afastei de ti",Casimiro Noqueira,,cantos/140_Perdão_Senhor_eu_me_afastei_de_ti.pdf
141,Glória a Deus nos céus!,Manoel Resende Filho,,cantos/141_Glória_a_Deus_nos_céus.pdf
142,Apresentação do Corpo e Sangue de Cristo,Pe. A. Haddad,,cantos/142_Apresentação_do_Corpo_e_Sangue_de_Cristo.pdf
143,É Natal,José Acácio Santana,,cantos/143_É_Natal.pdf
144,Natal é vida que nasce,José Acácio Santana,,cantos/144_Natal_é_vida_que_nasce.pdf
145,Hoje é dia de a gente se encontrar,José Acácio Santana,,cantos/145_Hoje_é_dia_de_a_gente_se_encontrar.pdf
146,"Terra toda, aclamai ao Senhor!",,,cantos/146_Terra_toda_aclamai_ao_Senhor.pdf
147,Imaculada Maria de Deus,Fr. Fabreti,,cantos/147_Imaculada_Maria_de_Deus.pdf
148,Fiquei foi contente,Reginaldo Veloso,,cantos/148_Fiquei_foi_contente.pdf
149,Quando o dia da paz renascer,Pe. Zezinho,,cantos/149_Quando_o_dia_da_paz_renascer.pdf
150,"Ó vinde, Espírito Criador!",Fr. Fabreti,,cantos/150_Ó_vinde_Espírito_Criador.pdf
151,Pelos prados e campinas,Fr. Fabreti,,cantos/151_Pelos_prados_e_campinas.pdf
152,"Vou cantar, entoar um canto novo",Fr. Fabreti,,cantos/152_Vou_cantar_entoar_um_canto_novo.pdf
153,"Cristo, quero ser instrumento",Fr. Fabreti,,cantos/153_Cristo_quero_ser_instrumento.pdf
154,A minh'alma engrandece o Senhor,Fr. Fabreti,,cantos/154_A_minhalma_engrandece_o_Senhor.pdf
155,"Meu Pão, minha Vida!",Ir. Míria T. Kolling,Pe. Lucio Floro,cantos/155_Meu_Pão_minha_Vida.pdf
156,Quem nos separará?,Valdir Neves da Silva,,cantos/156_Quem_nos_separará.pdf
162,Vai por esse mundo afora,Ir. Míria T. Kolling,,cantos/162_Vai_por_esse_mundo_afora.pdf
163,Vós sois o Sal e a Luz,Cireneu Kuhn,,cantos/163_Vós_sois_o_Sal_e_a_Luz.pdf
164,Caminhando Jesus,Pe. Lucas de P. Almeida,Pe. Argemiro K. Leite,cantos/164_Caminhando_Jesus.pdf
165,A Igreja se torna presente,Ir. Míria T. Kolling,,cantos/165_A_Igreja_se_torna_presente.pdf
166,"Vinde, exultemos",Antífona: Fr. Fabreti,,cantos/166_Vinde_exultemos.pdf
167,"Ainda que eu fale 1Cor 13,1-8",Hino à caridade,,cantos/167_Ainda_que_eu_fale_1Cor_131-8.pdf
168,Senhora d'Aparecida,Valdeci Farias,Ir. Luiza Neves,cantos/168_Senhora_dAparecida.pdf
169,Vou seguro e feliz pela vida,Ir. Míria T. Kolling,Pe. Lucio Floro,cantos/169_Vou_seguro_e_feliz_pela_vida.pdf
176,"No teu santuário, Senhor (Hino de Louvor)",Fr. Fabreti,,cantos/176_No_teu_santuário_Senhor_Hino_de_Louvor.pdf
177,Belos e formosos,,,cantos/177_Belos_e_formosos.pdf
178,"Ó Maria, Imaculada",Ir. Míria T. Kolling,,cantos/178_Ó_Maria_Imaculada.pdf
179,A traça é um bichinho,Fr. Fabreti,,cantos/179_A_traça_é_um_bichinho.pdf
180,Ladainha dos Santos,Coro: Ass. Coro:,,cantos/180_Ladainha_dos_Santos.pdf
182,De alegria eu exulto em Deus,Ir. Míria T. Kolling,,cantos/182_De_alegria_eu_exulto_em_Deus.pdf
183,Vejo a conchinha!,Tânia M. Godinho,,cantos/183_Vejo_a_conchinha.pdf
184,Quem foi que viu? (Ascensão do Senhor),Maria Sardemberg,,cantos/184_Quem_foi_que_viu_Ascensão_do_Senhor.pdf
185,Meu Deus do céu (Santíssima Trindade),Maria Sardemberg,,cantos/185_Meu_Deus_do_céu_Santíssima_Trindade.pdf
186,Para te louvar Virgem Maria,Maria Sardemberg,,cantos/186_Para_te_louvar_Virgem_Maria.pdf
187,"Meu irmão, tu não vês",Valdeci Farias,Pe. Lúcio Floro,cantos/187_Meu_irmão_tu_não_vês.pdf
188,Ainda que eu passe,Ir. Míria T. Kolling,,cantos/188_Ainda_que_eu_passe.pdf
189,Cantando um canto novo!,Fr. Fabreti,,cantos/189_Cantando_um_canto_novo.pdf
190,Esta mulher é pecadora,Maria Sardemberg,,cantos/190_Esta_mulher_é_pecadora.pdf
191,Louvai batendo palmas (Hino de Louvor),Fr. Fabreti,,cantos/191_Louvai_batendo_palmas_Hino_de_Louvor.pdf
192,O meu tesouro,Maria Sardemberg,,cantos/192_O_meu_tesouro.pdf
193,O Senhor é meu Pastor,Fr. Fabreti,,cantos/193_O_Senhor_é_meu_Pastor.pdf
194,Mil corações de criança,Maria Sardemberg,,cantos/194_Mil_corações_de_criança.pdf
195,Ladainha de Nossa Senhora,Fr. Fabreti / Ir. Míria,Hinário Franciscano,cantos/195_Ladainha_de_Nossa_Senhora.pdf
196,Só em Deus,Valdeci Farias,Ir. Celina Weschenfelder,cantos/196_Só_em_Deus.pdf
197,Mil vezes admirável,Ir. Míria T. Kolling,,cantos/197_Mil_vezes_admirável.pdf
198,"A ti, meu Deus (Comunhão)",Fr. Fabreti,,cantos/198_A_ti_meu_Deus_Comunhão.pdf
199,Me chamaste para caminhar,Alfred Mercica,,cantos/199_Me_chamaste_para_caminhar.pdf
200,A mesa tão grande,Zé Vicente,,cantos/200_A_mesa_tão_grande.pdf
201,Eis o amor-caridade,Ir. Míria T. Kolling,,cantos/201_Eis_o_amor-caridade.pdf
202,Senhora de todos os caminhos (Vocacional),Ir. Isabel e Fr. Fabreti,,cantos/202_Senhora_de_todos_os_caminhos_Vocacional.pdf
204,Dai graças ao Senhor,Fr. Fabreti,,cantos/204_Dai_graças_ao_Senhor.pdf
205,Livre ser tu queres,Ir. Míria T. Kolling,,cantos/205_Livre_ser_tu_queres.pdf
206,Mandarei um anjo,Ir. Míria T. Kolling,,cantos/206_Mandarei_um_anjo.pdf
207,"Salve, luz eterna",Ceci e André Martinelli,,cantos/207_Salve_luz_eterna.pdf
208,Estes lábios meus,Fr. Domingos,,cantos/208_Estes_lábios_meus.pdf
209,Criador das alturas celestes,Ir. Míria T. Kolling,Liturgia das Horas,cantos/209_Criador_das_alturas_celestes.pdf
210,Bênção final,Ir. Míria T. Kolling,,cantos/210_Bênção_final.pdf
211,Ave do mar estrela,Ir. Míria T. Kolling,Liturgia das horas,cantos/211_Ave_do_mar_estrela.pdf
212,"No fim desta tarde, Senhor",Ir. Míria T. Kolling,,cantos/212_No_fim_desta_tarde_Senhor.pdf
213,Vem ouvir a palavra,Pe. Elias Della Giustina,,cantos/213_Vem_ouvir_a_palavra.pdf
214,Nossa Senhora do sertanejo,Ir. Iracema Gomes da Silva,,cantos/214_Nossa_Senhora_do_sertanejo.pdf
215,"Maria, cheia de graça",Fr. Fabreti,J. Thomaz Filho,cantos/215_Maria_cheia_de_graça.pdf
216,Eis-me aqui no caminho,Fr. Fabreti,,cantos/216_Eis-me_aqui_no_caminho.pdf
217,Ladainha de todos os santos,Fr. Fabreti,,cantos/217_Ladainha_de_todos_os_santos.pdf
218,Lar de amor,Pe. Ricardo Dias Neto,,cantos/218_Lar_de_amor.pdf
219,Herdeiros do Reino,Pe. Ricardo Dias Neto,,cantos/219_Herdeiros_do_Reino.pdf
220,Pra consolar Maria,Pe. Ricardo Dias Neto,,cantos/220_Pra_consolar_Maria.pdf
221,"Aleluia! Javé, o nosso Deus",Fr. Fabreti,,cantos/221_Aleluia_Javé_o_nosso_Deus.pdf
222,"A cruz, quem olha envergonhado (Canto de entrada)",Fr. Fabreti,J. Thomaz Filho,cantos/222_A_cruz_quem_olha_envergonhado_Canto_de_entrada.pdf
223,Aleluia! A pedra rolou (Aclamação ao Evangelho),Fr. Fabreti,J. Thomaz Filho,cantos/223_Aleluia_A_pedra_rolou_Aclamação_ao_Evangelho.pdf
224,"Sem consolo, não tinham nem palavras (Canto das Oferendas)",Fr. Fabreti,J. Thomaz Filho,cantos/224_Sem_consolo_não_tinham_nem_palavras_Canto_das_Ofer.pdf
225,Coração compadecido (Comunhão),Fr. Fabreti,J. Thomaz Filho,cantos/225_Coração_compadecido_Comunhão.pdf
226,Novo Sol brilhou (Louvor final),Fr. Fabreti,J. Thomaz Filho,cantos/226_Novo_Sol_brilhou_Louvor_final.pdf
239,A Palavra de Deus é uma festa (Canto de Entrada),Pe. Lucio Floro,,cantos/239_A_Palavra_de_Deus_é_uma_festa_Canto_de_Entrada.pdf
240,"Água santa, ó água pura (Aspersão)",Ir. Míria T. Kolling,Pe. Lúcio Floro,cantos/240_Água_santa_ó_água_pura_Aspersão.pdf
241,Quero levar esta Bíblia,Ir. Míria T. Kolling,Pe. Lúcio Floro,cantos/241_Quero_levar_esta_Bíblia.pdf
242,Tua palavra é luz aos olhos,Ir. Míria T. Kolling,Pe. Lúcio Floro,cantos/242_Tua_palavra_é_luz_aos_olhos.pdf
243,O Evangelho é Deus Falando,Ir. Míria T. Kolling,Pe. Lúcio Floro,cantos/243_O_Evangelho_é_Deus_Falando.pdf
244,A Palavra de Deus é meu Deus,Ir. Míria T. Kolling,Pe. Lúcio Floro,cantos/244_A_Palavra_de_Deus_é_meu_Deus.pdf
245,Essa Palavra que Deus Pai (Comunhão),Ir. Míria T. Kolling,Pe. Lúcio Floro,cantos/245_Essa_Palavra_que_Deus_Pai_Comunhão.pdf
246,Palavra que é boa e nova,Ir. Míria T. Kolling,Pe. Lúcio Floro,cantos/246_Palavra_que_é_boa_e_nova.pdf
247,"Eis-me aqui, Senhor",Fr Fabreti,D. Pedro Brito Guimarães,cantos/247_Eis-me_aqui_Senhor.pdf
248,Aleluia! Ponho-me a ouvir (Aclamação ao Evangelho),Fr. Fabreti,D. Pedro Brito Guimarães,cantos/248_Aleluia_Ponho-me_a_ouvir_Aclamação_ao_Evangelho.pdf
249,Nos caminhos (Oferendas),Fr. Fabreti,D. Pedro Brito Guimarães,cantos/249_Nos_caminhos_Oferendas.pdf
250,O pão que não se reparte (Comunhão),Fr. Fabreti,D. Pedro Brito Guimarães,cantos/250_O_pão_que_não_se_reparte_Comunhão.pdf
251,Feliz de quem caminha (Louvor final),Fr. Fabreti,D Pedro Brito Guimarães,cantos/251_Feliz_de_quem_caminha_Louvor_final.pdf
253,Glória!,Ir. Míria T. Kolling,,cantos/253_Glória.pdf
254,Santo!,Ir. Míria T. Kolling,,cantos/254_Santo.pdf
255,Após a Consagração,,Eis o mis - té - rio da fé!,cantos/255_Após_a_Consagração.pdf
256,Aclamações - Oração Eucarística V,Ir. Míria T. Kolling,,cantos/256_Aclamações_-_Oração_Eucarística_V.pdf
257,Doxologia,Ir. Míria T. Kolling,,cantos/257_Doxologia.pdf
258,Pai Nosso!,Ir. Míria T. Kolling,,cantos/258_Pai_Nosso.pdf
259,Como é bom viver em harmonia (Abraço da paz),Ir. Míria T. Kolling,,cantos/259_Como_é_bom_viver_em_harmonia_Abraço_da_paz.pdf
260,Cordeiro de Deus!,Ir. Míria T. Kolling,,cantos/260_Cordeiro_de_Deus.pdf
261,Doxologia (II),Amém! Amém! Amém!,,cantos/261_Doxologia_II.pdf
262,Glória!,"Frei Fabreti, ofm",,cantos/262_Glória.pdf
263,Santo,Fr. Fabreti,,cantos/263_Santo.pdf
264,Cordeiro de Deus,,,cantos/264_Cordeiro_de_Deus.pdf
265,"Senhor, piedade!",Simey Monteiro,,cantos/265_Senhor_piedade.pdf
266,À Palavra de Deus,Antes das leituras,,cantos/266_À_Palavra_de_Deus.pdf
267,Resposta à Prece dos fiéis (recolhido por Ir. Míria),,,cantos/267_Resposta_à_Prece_dos_fiéis_recolhido_por_Ir_Míria.pdf
268,Doxologia (Recolhido por Fr. Fabreti),,,cantos/268_Doxologia_Recolhido_por_Fr_Fabreti.pdf
269,Aclamação após a consagração,Ernesto Barros Cardoso,,cantos/269_Aclamação_após_a_consagração.pdf
270,Aclamações da I Oração Eucarística,"-Abençoai nossa oferenda, ó Senhor!",,cantos/270_Aclamações_da_I_Oração_Eucarística.pdf
271,Aclamações da Oração Eucarística,para diversas circunstâncias,,cantos/271_Aclamações_da_Oração_Eucarística.pdf
272,Amém!,Dulcemar,,cantos/272_Amém.pdf
273,Glória das Comunidades,,,cantos/273_Glória_das_Comunidades.pdf
274,Santo!,Gustavo Balbin,,cantos/274_Santo.pdf
275,Cordeiro de Deus,,,cantos/275_Cordeiro_de_Deus.pdf
276,Eu vi a água,,,cantos/276_Eu_vi_a_água.pdf
277,"Tomai, e recebei, Senhor!",Ir. Míria T. Kolling,,cantos/277_Tomai_e_recebei_Senhor.pdf
278,Deixa-te modelar! (Jer 18-19),Ir. Míria T. Kolling,,cantos/278_Deixa-te_modelar_Jer_18-19.pdf
279,"Vem Senhor não quero caminhar sozinho(Lc 24, 13-35)",Ir. Míria T. Kolling,,cantos/279_Vem_Senhor_não_quero_caminhar_sozinhoLc_24_13-35.pdf
280,Alma de Cristo,Ir. Míria T. Kolling,,cantos/280_Alma_de_Cristo.pdf
282,Santa Mãe Maria,José Acácio Santana,,cantos/282_Santa_Mãe_Maria.pdf
283,Quando chamaste os doze primeiros,José Acácio Santana,,cantos/283_Quando_chamaste_os_doze_primeiros.pdf
284,De Deus criaturas,pe. João Carlos Ribeiro,Adaptação de D. Tomás Balduino,cantos/284_De_Deus_criaturas.pdf
285,"Pai, que criastes o céu!",,,cantos/285_Pai_que_criastes_o_céu.pdf
286,Se caminhar é preciso,Canção da caminhada,,cantos/286_Se_caminhar_é_preciso.pdf
287,"Javé, o Deus dos pobres",Esperança,,cantos/287_Javé_o_Deus_dos_pobres.pdf
288,Santo Antônio,Fr. Fabreti,,cantos/288_Santo_Antônio.pdf
289,Ninguém pode prender um sonho,Fr. Fabreti,J. Thomaz Filho,cantos/289_Ninguém_pode_prender_um_sonho.pdf
290,Javé mudou a sorte de Sião,Fr. Fabreti,,cantos/290_Javé_mudou_a_sorte_de_Sião.pdf
291,Seja bem-vindo quem chega,Mosteiro Ecumênico de Tezé,,cantos/291_Seja_bem-vindo_quem_chega.pdf
293,"Amigo, sê bem-vindo",Ir. Míria T. Kolling,,cantos/293_Amigo_sê_bem-vindo.pdf
294,Ao chegares aqui,Ir. Míria T. Kolling,,cantos/294_Ao_chegares_aqui.pdf
296,Se eu canto a alegria ou a tristeza,Ir. Míria T. Kolling,,cantos/296_Se_eu_canto_a_alegria_ou_a_tristeza.pdf
298,"A Ti, louvor e glória",Ir. Míria T. Kolling,,cantos/298_A_Ti_louvor_e_glória.pdf
300,"Senhor, cai a noite",Ir. Míria T. Kolling,,cantos/300_Senhor_cai_a_noite.pdf
301,Quando te domina o cansaço,Ir. Míria T. Kolling,,cantos/301_Quando_te_domina_o_cansaço.pdf
303,O meu coração é só de Jesus,Pe. Elio Athayde (adaptação),,cantos/303_O_meu_coração_é_só_de_Jesus.pdf
304,Pelo anjo visitada,Pe. Reginaldo Veloso,,cantos/304_Pelo_anjo_visitada.pdf
305,"Maria, Mãe e Esperança",Ir. Míria T. Kolling,Pe. Lúcio Floro,cantos/305_Maria_Mãe_e_Esperança.pdf
306,"Como é bonito teu nome, ó Maria!",Zé Vicente,,cantos/306_Como_é_bonito_teu_nome_ó_Maria.pdf
307,O verde das matas (Oferendas),Pe. João Carlos Ribeiro,,cantos/307_O_verde_das_matas_Oferendas.pdf
308,Vence a tristeza,Zé Vicente,,cantos/308_Vence_a_tristeza.pdf
311,"Depois de nós, as flores",Maria Sardenberg,,cantos/311_Depois_de_nós_as_flores.pdf
315,Eu me alegrei! (Canto de entrada),Ir. Míria T. Kolling,,cantos/315_Eu_me_alegrei_Canto_de_entrada.pdf
316,"Senhor, confesso... (Ato penitencial)",Ir. Míria T. Kolling,,cantos/316_Senhor_confesso_Ato_penitencial.pdf
317,Glória ao Pai Criador,Ir. Míria T. Kolling,,cantos/317_Glória_ao_Pai_Criador.pdf
318,"Senhor, eu quero...",Ir. Míria T. Kolling,,cantos/318_Senhor_eu_quero.pdf
319,É hora de aclamar!,Ir. Míria T. Kolling,,cantos/319_É_hora_de_aclamar.pdf
320,Bendito seja você! (Ofertas),Ir. Míria T. Kolling,,cantos/320_Bendito_seja_você_Ofertas.pdf
321,Oração Eucarística para missa com crianças - II,Ir. Míria T. Kolling,,cantos/321_Oração_Eucarística_para_missa_com_crianças_-_II.pdf
322,"É bom, é bom! (Abraço da paz)",Ir. Míria T. Kolling,,cantos/322_É_bom_é_bom_Abraço_da_paz.pdf
323,"Meu Deus, foi Você (Comunhão)",Ir. Míria T. Kolling,,cantos/323_Meu_Deus_foi_Você_Comunhão.pdf
324,Eu vou em Deus me alegrar! (Louvor final),Ir. Míria T. Kolling,,cantos/324_Eu_vou_em_Deus_me_alegrar_Louvor_final.pdf
325,Tu és o Rei dos reis (Entrada),J. Thomaz Filho,Fr. Fabreti,cantos/325_Tu_és_o_Rei_dos_reis_Entrada.pdf
326,O Senhor é o Pastor que me conduz(Salmo Responsorial),,,cantos/326_O_Senhor_é_o_Pastor_que_me_conduzSalmo_Responsoria.pdf
327,Aleluia! Sou Rei (Aclamação ao Evangelho),Fr. Fabreti,,cantos/327_Aleluia_Sou_Rei_Aclamação_ao_Evangelho.pdf
328,Igual pastor (Oferendas),Fr. Fabreti,,cantos/328_Igual_pastor_Oferendas.pdf
329,Vou sair pelos prados (Comunhão),Fr. Fabreti,,cantos/329_Vou_sair_pelos_prados_Comunhão.pdf
330,A luz brilhou (Louvor final),Fr. Fabreti,,cantos/330_A_luz_brilhou_Louvor_final.pdf
331,Eu confesso,André J. Zamur,,cantos/331_Eu_confesso.pdf
332,Glória! Anjos no céu,André J. Zamur,CNBB,cantos/332_Glória_Anjos_no_céu.pdf
333,Santo!,André J. Zamur,,cantos/333_Santo.pdf
334,Eis o Mistério da fé!,André J. Zamur,,cantos/334_Eis_o_Mistério_da_fé.pdf
335,Oração Eucarística - Diversas circunstâncias (I),Ir. Míria T. Kolling,,cantos/335_Oração_Eucarística_-_Diversas_circunstâncias_I.pdf
336,Doxologia,André J. Zamur,,cantos/336_Doxologia.pdf
338,Cordeiro de Deus!,André J. Zamur,,cantos/338_Cordeiro_de_Deus.pdf
340,A Palavra de Deus é luz!,Raimundo Galvão,,cantos/340_A_Palavra_de_Deus_é_luz.pdf
341,Qual terra seca,André J. Zamur,,cantos/341_Qual_terra_seca.pdf
342,Desça como a chuva (Acolhida da Palavra),Ir. Agostinha V. de Melo,,cantos/342_Desça_como_a_chuva_Acolhida_da_Palavra.pdf
343,Todos os trabalhadores,Pe. Joãozinho,,cantos/343_Todos_os_trabalhadores.pdf
344,"Ouvi, Senhor",,,cantos/344_Ouvi_Senhor.pdf
345,As mesmas mãos,Zé Vicente,,cantos/345_As_mesmas_mãos.pdf
346,"Tua bênção, Senhor, nos ilumine",Pe. Geraldo Leite Barros,,cantos/346_Tua_bênção_Senhor_nos_ilumine.pdf
348,Que arda como brasa!,Ir. Agostinha V. de Mello,,cantos/348_Que_arda_como_brasa.pdf
349,"Terra, exulta de alegria (Sequência)",Míria T. Kolling,Tomás de Aquino,cantos/349_Terra_exulta_de_alegria_Sequência.pdf
350,Vamos todos louvar juntos (Transladação),Ir. Míria T. Kolling,S. Thomás de Aquino,cantos/350_Vamos_todos_louvar_juntos_Transladação.pdf
351,Ela é um espírito puro,Ir. Míria T. Kolling,,cantos/351_Ela_é_um_espírito_puro.pdf
354,Onipotente e bom Senhor,Zé Vicente,,cantos/354_Onipotente_e_bom_Senhor.pdf
355,Sempre cantando vou,,,cantos/355_Sempre_cantando_vou.pdf
357,É a gente que louva o Senhor!,,,cantos/357_É_a_gente_que_louva_o_Senhor.pdf
358,Sou feliz em Deus,Waldeci Farias,,cantos/358_Sou_feliz_em_Deus.pdf
359,O Reino de Deus,Ir. Míria T. Kolling,,cantos/359_O_Reino_de_Deus.pdf
361,Benditas as mãos de Marta,Ir. Míria T. Kolling,,cantos/361_Benditas_as_mãos_de_Marta.pdf
362,Vamos todos cantar!,Janduí de Araújo,,cantos/362_Vamos_todos_cantar.pdf
363,Estes lábios meus,Ir. Míria T. Kolling,,cantos/363_Estes_lábios_meus.pdf
365,Cantem louvores ao Senhor,Pe. Jocy,,cantos/365_Cantem_louvores_ao_Senhor.pdf
366,Bendito seja o Senhor!,,,cantos/366_Bendito_seja_o_Senhor.pdf
372,Bênção,,,cantos/372_Bênção.pdf
373,Uma voz fez-se ouvir (Entrada),Ir. Míria T. Kolling,João de Araújo,cantos/373_Uma_voz_fez-se_ouvir_Entrada.pdf
374,Exulta filha de Sião (Salmo responsorial),Ir. Míria T. Kolling,João de Araújo,cantos/374_Exulta_filha_de_Sião_Salmo_responsorial.pdf
375,Aleluia! Povo Santo de Deus(Aclamação ao Evangelho),Ir. Míria T. Kolling,João de Araújo,cantos/375_Aleluia_Povo_Santo_de_DeusAclamação_ao_Evangelho.pdf
376,Do céu vai descer o Cordeiro (Oferendas),Ir. Míria T. Kolling,João de Araújo,cantos/376_Do_céu_vai_descer_o_Cordeiro_Oferendas.pdf
377,As colinas vão ser abaixadas (Comunhão),Ir. Míria T. Kolling,João de Araújo,cantos/377_As_colinas_vão_ser_abaixadas_Comunhão.pdf
378,Com Maria subamos a Belém (Louvor final),Ir. Míria T. Kolling,João de Araújo,cantos/378_Com_Maria_subamos_a_Belém_Louvor_final.pdf
379,Quem tem planos (Entrada),André J. Zamur,J. Thomaz Filho,cantos/379_Quem_tem_planos_Entrada.pdf
380,Elevamos nossos olhos para Ti,André J. Zamur,J. Thomaz Filho,cantos/380_Elevamos_nossos_olhos_para_Ti.pdf
381,Aleluia! Que a tua Palavra (Aclamação ao Evangelho),André J. Zamur,J. Thomaz Filho,cantos/381_Aleluia_Que_a_tua_Palavra_Aclamação_ao_Evangelho.pdf
382,Suor de quem tanto lutou (Oferendas),André J. Zamur,J. Thomaz Filho,cantos/382_Suor_de_quem_tanto_lutou_Oferendas.pdf
383,Nesse brilho que trazem nos olhos (Comunhão),André J. Zamur,J. Thomaz Filho,cantos/383_Nesse_brilho_que_trazem_nos_olhos_Comunhão.pdf
384,Olhando de novo o horizonte (Louvor Final),André J. Zamur,J. Thomaz Filho,cantos/384_Olhando_de_novo_o_horizonte_Louvor_Final.pdf
385,Kyrie!,,,cantos/385_Kyrie.pdf
386,"Senhor, piedade!",Dulcemar Lafaille,,cantos/386_Senhor_piedade.pdf
387,Glória a Deus nos altos céus,Fr. Cristiano Marmelo,,cantos/387_Glória_a_Deus_nos_altos_céus.pdf
388,Nosso Deus Senhor é Santo!,Casimiro Nogueira,,cantos/388_Nosso_Deus_Senhor_é_Santo.pdf
390,Após a consagração,Juliana Marilia Colli,,cantos/390_Após_a_consagração.pdf
391,Oração Eucarística - Diversas circunstâncias,Juliana Colli,,cantos/391_Oração_Eucarística_-_Diversas_circunstâncias.pdf
392,Doxologia,Owen Alstott,,cantos/392_Doxologia.pdf
393,Amém!,Owen Alstott,,cantos/393_Amém.pdf
394,Pai Nosso!,André Zamur,,cantos/394_Pai_Nosso.pdf
395,Ouve-nos Senhor!,Ir. Míria T. Kolling,,cantos/395_Ouve-nos_Senhor.pdf
396,Que a paz esteja contigo! (Abraço da paz),Juliana Colli,,cantos/396_Que_a_paz_esteja_contigo_Abraço_da_paz.pdf
397,Cordeiro de Deus,Casimiro Nogueira,,cantos/397_Cordeiro_de_Deus.pdf
398,O Senhor esteja convosco! (Saudação e bênção),Hinário litúrgico,,cantos/398_O_Senhor_esteja_convosco_Saudação_e_bênção.pdf
399,Ide em paz (Despedida),Hinário litúrgico,,cantos/399_Ide_em_paz_Despedida.pdf
401,Trabalhar o pão (Oferendas),Pe. Zezinho,,cantos/401_Trabalhar_o_pão_Oferendas.pdf
402,Partir o pão na mesa,Eliomar Ribeiro,,cantos/402_Partir_o_pão_na_mesa.pdf
403,"Te damos graças, Pai! (Comunhão)",Simei Monteiro,,cantos/403_Te_damos_graças_Pai_Comunhão.pdf
404,Presente Tu estás,Um hino ao Divino!,,cantos/404_Presente_Tu_estás.pdf
405,Preenche meu ser!,,,cantos/405_Preenche_meu_ser.pdf
406,Um pouco além do presente,Silvio Meincke,,cantos/406_Um_pouco_além_do_presente.pdf
408,"Povos da América - Vinde, vede e anunciai!",Pe. José Cândido da Silva,,cantos/408_Povos_da_América_-_Vinde_vede_e_anunciai.pdf
409,A bênção de Deus,CELMU,,cantos/409_A_bênção_de_Deus.pdf
410,Nossa Senhora entrou na glória,Ir. Míria T. Kolling,D. Carlos Alberto Navarro,cantos/410_Nossa_Senhora_entrou_na_glória.pdf
411,Ave Maria do Brasil,Maria Sardenberg,,cantos/411_Ave_Maria_do_Brasil.pdf
414,Um dia escutei teu chamado (Vocacional),José Acácio Santana,,cantos/414_Um_dia_escutei_teu_chamado_Vocacional.pdf
415,A estrada é longa e difícil,Ir. Terezinha Cruz,,cantos/415_A_estrada_é_longa_e_difícil.pdf
416,"Escuta, Israel! (Refrão à Palavra)",,,cantos/416_Escuta_Israel_Refrão_à_Palavra.pdf
417,"Senhor, tua Santa Palavra!",José Acácio Santana,,cantos/417_Senhor_tua_Santa_Palavra.pdf
418,"Luz na frente, paz na guia!",Zé Vicente,,cantos/418_Luz_na_frente_paz_na_guia.pdf
420,Caminhando sem parar!,Pe. Joãozinho,,cantos/420_Caminhando_sem_parar.pdf
421,"Ó São Pedro, pedra forte",Pe. Joãozinho,,cantos/421_Ó_São_Pedro_pedra_forte.pdf
422,"Enviai, Senhor!",Mons. Vicente Ambrósio dos Santos,,cantos/422_Enviai_Senhor.pdf
423,Bendito o que vem em nome do Senhor (Acolhida do bispo),Alejandro Mejia,,cantos/423_Bendito_o_que_vem_em_nome_do_Senhor_Acolhida_do_bi.pdf
424,Duas vidas a fé celebrando (Entrada dos noivos),Ir. Míria T. Kolling,João de Araújo,cantos/424_Duas_vidas_a_fé_celebrando_Entrada_dos_noivos.pdf
425,Ave Maria! Noiva também,Ir. Míria T. Kolling,Pe. Lucio Floro,cantos/425_Ave_Maria_Noiva_também.pdf
426,"Senhor, nosso caminho preparaste",Ir. Míria T. Kolling,J. Thomaz Filho,cantos/426_Senhor_nosso_caminho_preparaste.pdf
433,Vimos hoje (Canto de entrada),Ir. Míria T. Kolling,,cantos/433_Vimos_hoje_Canto_de_entrada.pdf
434,No silêncio do coração,Ir. Míria T. Kolling,,cantos/434_No_silêncio_do_coração.pdf
435,Vai falar no Evangelho (Aclamação ao Evangelho),Ir. Míria T. Kolling,,cantos/435_Vai_falar_no_Evangelho_Aclamação_ao_Evangelho.pdf
436,"No Teu altar, Senhor (Ofertas)",Ir. Míria T. Kolling,,cantos/436_No_Teu_altar_Senhor_Ofertas.pdf
437,Somos felizes (Comunhão),Ir. Míria T. Kolling,,cantos/437_Somos_felizes_Comunhão.pdf
438,Quero ouvir Teu apelo! (Louvor final),Ir. Míria T. Kolling,,cantos/438_Quero_ouvir_Teu_apelo_Louvor_final.pdf
439,Eu era ovelha desgarrada (Entrada),André Zamur,João de Araújo,cantos/439_Eu_era_ovelha_desgarrada_Entrada.pdf
440,O Senhor é minha luz (Salmo responsorial),André Zamur,João de Araújo,cantos/440_O_Senhor_é_minha_luz_Salmo_responsorial.pdf
441,Aleluia! De alegria e (Aclamação ao Evangelho),André Zamur,João de Araújo,cantos/441_Aleluia_De_alegria_e_Aclamação_ao_Evangelho.pdf
442,Fui buscar minha oferta (Oferendas),André Zamur,João de Araújo,cantos/442_Fui_buscar_minha_oferta_Oferendas.pdf
443,Cantando eu venho (Comunhão),André Zamur,João de Araújo,cantos/443_Cantando_eu_venho_Comunhão.pdf
444,"Louvor, é louvor minha vida (Louvor final)",André Zamur,João de Araújo,cantos/444_Louvor_é_louvor_minha_vida_Louvor_final.pdf
445,"Senhor, tem piedade de nós",Clara A. Lazaro,,cantos/445_Senhor_tem_piedade_de_nós.pdf
446,Glória a Deus (Hino de louvor),Renato Bevilacqua,,cantos/446_Glória_a_Deus_Hino_de_louvor.pdf
447,É Palavra do Senhor,,,cantos/447_É_Palavra_do_Senhor.pdf
448,Proclamação da Palavra,,,cantos/448_Proclamação_da_Palavra.pdf
449,Prece dos fiéis - Respostas,,,cantos/449_Prece_dos_fiéis_-_Respostas.pdf
450,Bênção,Ir. Míria T. Kolling,,cantos/450_Bênção.pdf
451,Santo!,Joel Eloi Franz,,cantos/451_Santo.pdf
452,Aclamação após a Consagração,Moacir A da Silva Jr.,,cantos/452_Aclamação_após_a_Consagração.pdf
453,Oração Eucarística,,,cantos/453_Oração_Eucarística.pdf
454,Doxologia - O grande Amém,Marty Haugen,,cantos/454_Doxologia_-_O_grande_Amém.pdf
455,A paz do Senhor,Aders Ruuth,,cantos/455_A_paz_do_Senhor.pdf
456,Cordeiro de Deus,Fr. Rodrigo Borgheti,,cantos/456_Cordeiro_de_Deus.pdf
626,Graças meu Deus,Ir. Míria T. Kolling,,cantos/626_Graças_meu_Deus.pdf
627,Quando comecei a andar,Ir. Míria T. Kolling,,cantos/627_Quando_comecei_a_andar.pdf
628,"Pai, eis chegada a hora",Ir. Míria T. Kolling,,cantos/628_Pai_eis_chegada_a_hora.pdf
629,Eu te seguirei!,Ir. Míria T. Kolling,,cantos/629_Eu_te_seguirei.pdf
630,Cada vez que eu me lembro,Ir. Míria T. Kolling,,cantos/630_Cada_vez_que_eu_me_lembro.pdf
631,Eu vos digo,Ir. Míria T. Kolling,,cantos/631_Eu_vos_digo.pdf
632,"Deus vos salve, Deus! (Abertura da celebração)",Coda,,cantos/632_Deus_vos_salve_Deus_Abertura_da_celebração.pdf
633,O Senhor poderoso em amor (Comunhão),Hinário litúrgico,,cantos/633_O_Senhor_poderoso_em_amor_Comunhão.pdf
634,"Aceita, Senhor, a minha oferta",Ir. Míria T. Kolling,,cantos/634_Aceita_Senhor_a_minha_oferta.pdf
635,Para Deus todo canto e louvor,Zé Vicente,,cantos/635_Para_Deus_todo_canto_e_louvor.pdf
636,"Como te cantarei, Senhor?",Zé Vicente,,cantos/636_Como_te_cantarei_Senhor.pdf
637,É como a chuva que lava,Pe. Zezinho,,cantos/637_É_como_a_chuva_que_lava.pdf
638,A Palavra de Deus vai chegando,Josenildo do Pajeú,,cantos/638_A_Palavra_de_Deus_vai_chegando.pdf
639,Se eu não tiver amor,Fr. Acílio Mendes,,cantos/639_Se_eu_não_tiver_amor.pdf
641,Como o pau d'arco a florir,Hinário litúrgico,,cantos/641_Como_o_pau_darco_a_florir.pdf
642,O Espírito de Deus,,,cantos/642_O_Espírito_de_Deus.pdf
643,Quem és tu Senhora,Pe. Campos,,cantos/643_Quem_és_tu_Senhora.pdf
644,Queremos te coroar Maria,Maria Sardemberg,,cantos/644_Queremos_te_coroar_Maria.pdf
646,"Reveste-me, Senhor!",Romão José Ferreira,,cantos/646_Reveste-me_Senhor.pdf
646,Ide para a vinha!,Romão José Ferreira,,cantos/646_Ide_para_a_vinha.pdf
647,A fé está no pé,Pe. Loacir Luvison,,cantos/647_A_fé_está_no_pé.pdf
648,Pelos poetas cantada,Ir. Míria T. Kolling,,cantos/648_Pelos_poetas_cantada.pdf
649,Pai-herói,Judith Vargas,,cantos/649_Pai-herói.pdf
653,Indo e vindo,Fr. Adolfo Temme,,cantos/653_Indo_e_vindo.pdf
680,Aleluia!,Transposição: Ir. Míria T. Kolling,,cantos/680_Aleluia.pdf
681,Aclamação para o Domingo de Ramos,,,cantos/681_Aclamação_para_o_Domingo_de_Ramos.pdf
682,"Meu Deus, por que me abandonastes?",,,cantos/682_Meu_Deus_por_que_me_abandonastes.pdf
683,Nós nos gloriamos,Pe. José Freitas Campos,,cantos/683_Nós_nos_gloriamos.pdf
684,O Cálice por nós abençoado,José Acácio Santana,,cantos/684_O_Cálice_por_nós_abençoado.pdf
685,Jesus erguendo-se da ceia,Valdeci Farias,,cantos/685_Jesus_erguendo-se_da_ceia.pdf
686,É sangue o que era vinho,Pe. José Freitas Campos,,cantos/686_É_sangue_o_que_era_vinho.pdf
687,Eu vos dou novo mandamento,Pe. Ney Brasil,,cantos/687_Eu_vos_dou_novo_mandamento.pdf
688,Pai em tuas mãos,José Alberto Fontanella,,cantos/688_Pai_em_tuas_mãos.pdf
689,Eis o lenho da cruz,,,cantos/689_Eis_o_lenho_da_cruz.pdf
690,Que te fiz meu povo eleito?,Pe. Ximenes,,cantos/690_Que_te_fiz_meu_povo_eleito.pdf
691,"Ó Pai, se é possível",José Acácio Santana,,cantos/691_Ó_Pai_se_é_possível.pdf
692,Exulte o céu e os anjos triunfantes,,,cantos/692_Exulte_o_céu_e_os_anjos_triunfantes.pdf
693,Ladainha de todos os Santos,,,cantos/693_Ladainha_de_todos_os_Santos.pdf
694,Eu vos anuncio grande alegria (Entrada),Ir. Míria T. Kolling,D. Carlos Alberto Navarro,cantos/694_Eu_vos_anuncio_grande_alegria_Entrada.pdf
695,Pelos pecados (Ato penitencial),Ir. Míria T. Kolling,D. Carlos Alberto Navarro,cantos/695_Pelos_pecados_Ato_penitencial.pdf
696,Uma voz clamou (Salmo responsorial),Ir. Míria T. Kolling,D. Carlos Alberto Navarro,cantos/696_Uma_voz_clamou_Salmo_responsorial.pdf
697,Aleluia! Vamos aclamar (Aclamação ao Evangelho),Ir. Míria T. Kolling,D. Carlos Alberto Navarro,cantos/697_Aleluia_Vamos_aclamar_Aclamação_ao_Evangelho.pdf
698,"Pai, abri nossa mão! (Oferendas)",Ir. Míria T. Kolling,D. Carlos Alberto Navarro,cantos/698_Pai_abri_nossa_mão_Oferendas.pdf
699,Fui judeu plenamente (Comunhão),Ir. Míria T. Kolling,D. Carlos Alberto Navarro,cantos/699_Fui_judeu_plenamente_Comunhão.pdf
700,Estrela da Evangelização (Louvor final),Ir. Míria T. Kolling,D.Carlos Alberto Navarro,cantos/700_Estrela_da_Evangelização_Louvor_final.pdf
701,"Vinde, irmãos e exultai na alegria (Entrada)",André J. Zamur,João de Araújo,cantos/701_Vinde_irmãos_e_exultai_na_alegria_Entrada.pdf
702,Os confins do universo (Salmo responsorial),André J. Zamur,João de Araújo,cantos/702_Os_confins_do_universo_Salmo_responsorial.pdf
703,Aleluia! Ao Deus Santo! (Aclamação ao Evangelho),André J. Zamur,João de Araújo,cantos/703_Aleluia_Ao_Deus_Santo_Aclamação_ao_Evangelho.pdf
704,No templo santo (Oferendas),André J. Zamur,João de Araújo,cantos/704_No_templo_santo_Oferendas.pdf
705,Já de paz se reveste a nossa vida (Comunhão),André J. Zamur,João de Araújo,cantos/705_Já_de_paz_se_reveste_a_nossa_vida_Comunhão.pdf
706,Na aldeia sofrida (Louvor Final),André J. Zamur,João de Araújo,cantos/706_Na_aldeia_sofrida_Louvor_Final.pdf
707,Com Jesus e com Maria (Entrada),Ir. Míria T. Kolling,Pe. Lucio Floro,cantos/707_Com_Jesus_e_com_Maria_Entrada.pdf
708,"Ó Senhor, cantarei!",Ir. Míria T. Kolling,Pe. Lucio Floro,cantos/708_Ó_Senhor_cantarei.pdf
709,Glória e louvor a Cristo (Aclamação ao Evangelho),Ir. Míria T. Kolling,,cantos/709_Glória_e_louvor_a_Cristo_Aclamação_ao_Evangelho.pdf
710,Trazemos à Mesa Santa (Oferendas),Ir. Míria T. Kolling,Pe. Lúcio Floro,cantos/710_Trazemos_à_Mesa_Santa_Oferendas.pdf
711,"José, humilde artesão (Comunhão)",Ir. Míria T. Kolling,Pe. Lúcio Floro,cantos/711_José_humilde_artesão_Comunhão.pdf
712,"Ó São José, eis todo um povo",Ir. Míria T. Kolling,,cantos/712_Ó_São_José_eis_todo_um_povo.pdf
713,"Pai, a Igreja vos pede (Entrada)",André J. Zamur,Pe. Lúcio Floro,cantos/713_Pai_a_Igreja_vos_pede_Entrada.pdf
714,"Enviai o Vosso Espírito, Senhor! (Salmo Responsorial)",Ir. Míria T. Kolling,,cantos/714_Enviai_o_Vosso_Espírito_Senhor_Salmo_Responsorial.pdf
715,Aleluia! É o nosso canto (Aclamação ao Evangelho),André Zamur,Pe. Lúcio Floro,cantos/715_Aleluia_É_o_nosso_canto_Aclamação_ao_Evangelho.pdf
716,Espírito Criador! (Oferendas),André J. Zamur,Pe. Lúcio Floro,cantos/716_Espírito_Criador_Oferendas.pdf
717,"Ó Senhor, Tu me ungiste! (Comunhão)",André J. Zamur,Pe. Lúcio Floro,cantos/717_Ó_Senhor_Tu_me_ungiste_Comunhão.pdf
718,Foi no seio de Maria (Louvor Final),André J. Zamur,Pe. Lúcio Floro,cantos/718_Foi_no_seio_de_Maria_Louvor_Final.pdf
719,O Senhor ressurgiu (Entrada),André J. Zamur,Maria de Fátima de Oliveira,cantos/719_O_Senhor_ressurgiu_Entrada.pdf
720,Glória a Deus nos altos céus,André J. Zamur,Maria de Fátima de Oliveira,cantos/720_Glória_a_Deus_nos_altos_céus.pdf
721,Este é o dia (Salmo responsorial),André J. Zamur,Maria de Fátima de Oliveira,cantos/721_Este_é_o_dia_Salmo_responsorial.pdf
722,Aleluia! O Senhor ressurgiu!(Aclamação ao Evangelho),André J. Zamur,Maria de Fátima de Oliveira,cantos/722_Aleluia_O_Senhor_ressurgiuAclamação_ao_Evangelho.pdf
723,As nossas ofertas de vinho e de pão,André J. Zamur,Maria de Fátima de Oliveira,cantos/723_As_nossas_ofertas_de_vinho_e_de_pão.pdf
724,O Senhor preparou um banquete (Comunhão),André J. Zamur,Maria de Fátima de Oliveira,cantos/724_O_Senhor_preparou_um_banquete_Comunhão.pdf
725,Aleluia! Hoje a morte foi vencida Louvor final),André J. Zamur,Maria de Fátima de Oliveira,cantos/725_Aleluia_Hoje_a_morte_foi_vencida_Louvor_final.pdf
726,Sabedoria infinita (Entrada),Ir. Míria T. Kolling,José Thomaz Filho,cantos/726_Sabedoria_infinita_Entrada.pdf
727,Glória e louvor eternamente! (Salmo responsorial),Ir. Míria T. Kolling,José Thomaz Filho,cantos/727_Glória_e_louvor_eternamente_Salmo_responsorial.pdf
730,"Aleluia! Tua Palavra é fecunda, Senhor!",Ir. Míria T. Kolling,José Thomaz Filho,cantos/730_Aleluia_Tua_Palavra_é_fecunda_Senhor.pdf
731,No cuidado da semente (Oferendas),Ir. Míria T. Kolling,José Thomaz Filho,cantos/731_No_cuidado_da_semente_Oferendas.pdf
732,Teu amor vai além da medida,Ir. Míria T. Kolling,José Thomaz Filho,cantos/732_Teu_amor_vai_além_da_medida.pdf
732,"B Quem és Tu, meu Deus? (Após a Comunhão)",Ir. Míria T. Kolling,José Thomaz Filho,cantos/732_B_Quem_és_Tu_meu_Deus_Após_a_Comunhão.pdf
733,Quando a história amadurece (Louvor final),Ir. Míria T. Kolling,José Thomaz Filho,cantos/733_Quando_a_história_amadurece_Louvor_final.pdf
734,Ao Senhor Deus todo o poder (Entrada),Ir. Míria T. Kolling,Maria de Fátima Oliveira,cantos/734_Ao_Senhor_Deus_todo_o_poder_Entrada.pdf
735,Por não termos sabido,Ir. Míria T. Kolling,Maria de Fátima Oliveira,cantos/735_Por_não_termos_sabido.pdf
736,A Palavra de Deus é perfeita! (Salmo responsorial),Ir. Míria T. Kolling,Maria de Fátima Oliveira,cantos/736_A_Palavra_de_Deus_é_perfeita_Salmo_responsorial.pdf
737,Aleluia! Vai falar-no Jesus (Aclamação ao Evangelho),Ir. Míria T. Kolling,Maria de Fátima Oliveira,cantos/737_Aleluia_Vai_falar-no_Jesus_Aclamação_ao_Evangelho.pdf
738,Com o vinho e com o pão (Oferendas),Ir. Míria T. Kolling,Maria de Fátima Oliveira,cantos/738_Com_o_vinho_e_com_o_pão_Oferendas.pdf
739,Santo é o Deus da História,Ir. Míria T. Kolling,Maria de Fátima Oliveira,cantos/739_Santo_é_o_Deus_da_História.pdf
740,Sedentos de amor (Comunhão),Ir. Míria T. Kolling,Maria de Fátima Oliveira,cantos/740_Sedentos_de_amor_Comunhão.pdf
741,"Ave Maria, cheia de graça! (Louvor final)",Ir. Míria T. Kolling,Maria de Fátima Oliveira,cantos/741_Ave_Maria_cheia_de_graça_Louvor_final.pdf
742,"Ei, você (Entrada)",André J. Zamur,José Thomaz Filho,cantos/742_Ei_você_Entrada.pdf
743,Se Esquecemos,J. Thomaz Filho,,cantos/743_Se_Esquecemos.pdf
744,"Alê, Aleluia! (Aclamação ao Evangelho)",André J. Zamur,José Thomaz Filho,cantos/744_Alê_Aleluia_Aclamação_ao_Evangelho.pdf
745,Semente (Oferendas),André J. Zamur,José Thomaz Filho,cantos/745_Semente_Oferendas.pdf
746,Sou bem mais do que amigo (Comunhão),André J. Zamur,José Thomaz Filho,cantos/746_Sou_bem_mais_do_que_amigo_Comunhão.pdf
747,Tu conheces o meu coração,André J. Zamur,J. Thomaz Filho,cantos/747_Tu_conheces_o_meu_coração.pdf
748,Nossa glória está na Cruz de Jesus,Ir. Míria T. Kolling,Fr. José Moacyr Cadenassi,cantos/748_Nossa_glória_está_na_Cruz_de_Jesus.pdf
749,Das obras do Senhor!,Ir. Míria T. Kolling,,cantos/749_Das_obras_do_Senhor.pdf
750,Aleluia!,Ir. Míria T. Kolling,Fr. José Moacyr,cantos/750_Aleluia.pdf
751,Bendito para sempre!,Ir. Míria T. Kolling,Fr. José Moacyr,cantos/751_Bendito_para_sempre.pdf
752,Na Páscoa da Nova Aliança,Ir. Míria T. Kolling,Fr. José Moacyr,cantos/752_Na_Páscoa_da_Nova_Aliança.pdf
753,Nesta terra de raças e culturas,Ir. Míria T. Kolling,José Moacyr,cantos/753_Nesta_terra_de_raças_e_culturas.pdf
754,Na solidão do Calvário,Ir. Míria T. Kolling,Fr. José Moacyr,cantos/754_Na_solidão_do_Calvário.pdf
755,Glória,Ir. Míria T. Kolling,,cantos/755_Glória.pdf
756,Vossa Igreja vos pede,A. Cangiani,,cantos/756_Vossa_Igreja_vos_pede.pdf
757,Santo,Ir. Míria T. Kolling,,cantos/757_Santo.pdf
758,Mandai vosso Espírito Santo,A. Cangiani,,cantos/758_Mandai_vosso_Espírito_Santo.pdf
759,"Como é grande, ó Pai, a Vossa misericórdia",A. Cangiani,,cantos/759_Como_é_grande_ó_Pai_a_Vossa_misericórdia.pdf
760,Doxologia,O grande Amém,,cantos/760_Doxologia.pdf
761,Cordeiro de Deus,,,cantos/761_Cordeiro_de_Deus.pdf
762,Em nome do Pai,Reginaldo Veloso,,cantos/762_Em_nome_do_Pai.pdf
763,"Senhor, tende piedade de nós",Pe. Pedro Brito,,cantos/763_Senhor_tende_piedade_de_nós.pdf
764,Santo é o Senhor!,Antonieta (BA),,cantos/764_Santo_é_o_Senhor.pdf
765,Oração Euscarística,Pe. Elias Della Giustina,,cantos/765_Oração_Euscarística.pdf
766,Após a Consagração,Moacyr Maciel,,cantos/766_Após_a_Consagração.pdf
767,O grande Amém,Marcos Roberto Baldini,,cantos/767_O_grande_Amém.pdf
768,Pai Nosso,Oswaldo José dos Santos,,cantos/768_Pai_Nosso.pdf
769,Paz e bem!,Abraço da paz,,cantos/769_Paz_e_bem.pdf
770,Cordeiro de Deus,Pe. José Cândido,,cantos/770_Cordeiro_de_Deus.pdf
771,Ato Penitencial,Flávio Luiz J. Ferreira,,cantos/771_Ato_Penitencial.pdf
771,Glória!,Flávio Luiz J. Ferreira,texto oficial da CNBB,cantos/771_Glória.pdf
773,Prece dos fiéis,"recolhido por Pe. Jesus Bringes, smj",,cantos/773_Prece_dos_fiéis.pdf
774,Santo,Odilo Heissler,,cantos/774_Santo.pdf
775,Após a consagração,Ronaldo Ramos da Silva,,cantos/775_Após_a_consagração.pdf
776,Aclamações da Oração Eucarística VI-A (e outras),Pe. Elias Della Giusrina,,cantos/776_Aclamações_da_Oração_Eucarística_VI-A_e_outras.pdf
777,Amém!,Pe. Zezinho,,cantos/777_Amém.pdf
778,Pai Nosso ( versão ecumênica ),Pe. Joaquim Ximenes Coutinho,,cantos/778_Pai_Nosso_versão_ecumênica.pdf
779,Cordeiro de Deus,Pe. Tarcisio Pedro Vieira,,cantos/779_Cordeiro_de_Deus.pdf
780,Ato Penitencial,Pe. Ney Brasil,,cantos/780_Ato_Penitencial.pdf
781,Hino de Louvor,Telmo José Tomio,CNBB,cantos/781_Hino_de_Louvor.pdf
782,Creio,Recolhido por: Ir. Miria,,cantos/782_Creio.pdf
783,"Acolhei nossa prece, Senhor!",M.: Ir. Miria T. Kolling,,cantos/783_Acolhei_nossa_prece_Senhor.pdf
784,Bendito da Ceia Do Senhor,Concordi Laefilia,Reginaldo Veloso,cantos/784_Bendito_da_Ceia_Do_Senhor.pdf
785,"Santo, Santo!",Hinário Litúrgico,,cantos/785_Santo_Santo.pdf
786,Eis o Mistério da Fé!,Fr. Luiz Carlos Susin,,cantos/786_Eis_o_Mistério_da_Fé.pdf
787,Doxologia- O Grande Amém!,Miria T. Kolling,,cantos/787_Doxologia-_O_Grande_Amém.pdf
788,Que o Senhor te Abençõe!,Oswaldo José dos Santos,,cantos/788_Que_o_Senhor_te_Abençõe.pdf
789,Cordeiro de Deus,Pe. José Eugenio,,cantos/789_Cordeiro_de_Deus.pdf
790,"Senhor, que oferecestes (Ato Penitencial)",André J. Zamur,,cantos/790_Senhor_que_oferecestes_Ato_Penitencial.pdf
791,Glória (Hino de Louvor),André Zamur,CNBB,cantos/791_Glória_Hino_de_Louvor.pdf
792,"Senhor, Atendei a nossa Prece",André Zamur,,cantos/792_Senhor_Atendei_a_nossa_Prece.pdf
793,Santo!,André Zamur,,cantos/793_Santo.pdf
794,Aclamações da Oração Eucarística,André Zamur,,cantos/794_Aclamações_da_Oração_Eucarística.pdf
795,Após a Consagração,André Zamur,,cantos/795_Após_a_Consagração.pdf
797,Cordeiro de Deus!,André J. Zamur,,cantos/797_Cordeiro_de_Deus.pdf
798,"Aleluia, vamos de pé",Idalino Viana Rodrigues,,cantos/798_Aleluia_vamos_de_pé.pdf
799,Aleluia! É Palavra de amor,André Zamur,,cantos/799_Aleluia_É_Palavra_de_amor.pdf
800,Tua palavra é lâmpada,,,cantos/800_Tua_palavra_é_lâmpada.pdf
801,Inclinemos o ouvido do coração,,,cantos/801_Inclinemos_o_ouvido_do_coração.pdf
802,Evangelho Cantado (Liturgia Ortodoxa),,,cantos/802_Evangelho_Cantado_Liturgia_Ortodoxa.pdf
803,Estes lábios meus (Abertura do Ofício da Oração),Luis Baronto,,cantos/803_Estes_lábios_meus_Abertura_do_Ofício_da_Oração.pdf
804,O Senhor é minha Luz,,,cantos/804_O_Senhor_é_minha_Luz.pdf
805,Entoai novo canto!,,,cantos/805_Entoai_novo_canto.pdf
806,Seja como o orvalho,Flávio Luiz Jabbur Ferreira,,cantos/806_Seja_como_o_orvalho.pdf
807,"Nas horas de Deus, amém!",Zé Vicente,,cantos/807_Nas_horas_de_Deus_amém.pdf
808,"Como é bonito, Senhor",José Acácio Santana,,cantos/808_Como_é_bonito_Senhor.pdf
809,Quem pode em tua casa morar?,Pe. Campos,,cantos/809_Quem_pode_em_tua_casa_morar.pdf
810,"Eis Jesus, o Pão da Vida","Prof. Saraiva, PA",,cantos/810_Eis_Jesus_o_Pão_da_Vida.pdf
811,Todo o verde das matas,Casimiro Nogueira,,cantos/811_Todo_o_verde_das_matas.pdf
812,"Jesus Cristo, ontem, hoje e sempre!",Ir. Míria T. Kolling,,cantos/812_Jesus_Cristo_ontem_hoje_e_sempre.pdf
813,"Abre coração, abre em festa",Valdeci Farias,Pe. Lúcio Floro,cantos/813_Abre_coração_abre_em_festa.pdf
814,Em meu amor pela Igreja,Ir. Míria T. Kolling,,cantos/814_Em_meu_amor_pela_Igreja.pdf
815,Passarei o meu céu (Louvor final),Ir. Míria T. Kolling,,cantos/815_Passarei_o_meu_céu_Louvor_final.pdf
816,"Porque te amo, Maria",Ir. Míria T. Kolling,,cantos/816_Porque_te_amo_Maria.pdf
817,Batismo é como outro nascimento,Pe. J. Ximenes,Pe. Lúcio Floro,cantos/817_Batismo_é_como_outro_nascimento.pdf
818,Duas leis eu percebo,Ir. Míria T. Kolling,,cantos/818_Duas_leis_eu_percebo.pdf
819,Viver a fraternidade,Ir. Míria T. Kolling,Pe. Lúcio Floro,cantos/819_Viver_a_fraternidade.pdf
820,Na noite calada,Áureo Cardoso,,cantos/820_Na_noite_calada.pdf
821,Lá do oriente vieram,Maria Sardenberg,,cantos/821_Lá_do_oriente_vieram.pdf
822,Teu rosto é a frente da casa,José Acácio Santana,,cantos/822_Teu_rosto_é_a_frente_da_casa.pdf
823,Que nenhuma família,Pe. Zezinho,,cantos/823_Que_nenhuma_família.pdf
824,Aqui nesta mesa,,,cantos/824_Aqui_nesta_mesa.pdf
825,"Você, que está chegando",Pe. João Carlos Ribeiro,,cantos/825_Você_que_está_chegando.pdf
826,Aleluia! A palavra se fez carne!,Eliomar Ribeiro,,cantos/826_Aleluia_A_palavra_se_fez_carne.pdf
827,Aleluia! A Tua Palavra!,,,cantos/827_Aleluia_A_Tua_Palavra.pdf
828,Anúncio do Jubileu da Encarnação,Jean-Paul Lécot,,cantos/828_Anúncio_do_Jubileu_da_Encarnação.pdf
829,Em nome do Pai,Terezinha Brejão,,cantos/829_Em_nome_do_Pai.pdf
830,Boa Nova do Senhor Jesus,,,cantos/830_Boa_Nova_do_Senhor_Jesus.pdf
831,Vai falar,Alfredo Dórea,,cantos/831_Vai_falar.pdf
832,"Louvai, ó servos do Senhor!",,,cantos/832_Louvai_ó_servos_do_Senhor.pdf
833,Os ventos de abril,Valdeci Farias,Pe. Lúcio Floro,cantos/833_Os_ventos_de_abril.pdf
834,Evangelizar,Edson Rodrigues,,cantos/834_Evangelizar.pdf
835,Nosso Deus fez um mundo tão perfeito,Pe. Pedro Brito,,cantos/835_Nosso_Deus_fez_um_mundo_tão_perfeito.pdf
836,Cantemos juntos,Ir. Míria T. Kolling,,cantos/836_Cantemos_juntos.pdf
837,É comunhão,Pe. Pedro Brito,,cantos/837_É_comunhão.pdf
838,Agora é silêncio,Ir. Míria T. Kolling,João de Araújo,cantos/838_Agora_é_silêncio.pdf
839,Quem é essa mulher?,Casemiro V. Nogueira,,cantos/839_Quem_é_essa_mulher.pdf
840,"Anunciou o anjo, um dia",Marcos Roberto Baldini,,cantos/840_Anunciou_o_anjo_um_dia.pdf
841,"Senhor, os vossos passos",Pe. Ney Brasil,,cantos/841_Senhor_os_vossos_passos.pdf
842,O meu coração procura a paz,Maria Sardenberg,,cantos/842_O_meu_coração_procura_a_paz.pdf
843,"Fraternidade, palavra tão bonita!",Ir. Míria T. Kolling,,cantos/843_Fraternidade_palavra_tão_bonita.pdf
844,"Tchau, meu irmão!",Fr. Fabreti,,cantos/844_Tchau_meu_irmão.pdf
845,Shemá Israel,,,cantos/845_Shemá_Israel.pdf
846,Seja bem-vinda a Palavra de Deus!,Marcilio Dias,,cantos/846_Seja_bem-vinda_a_Palavra_de_Deus.pdf
847,Ó luz do Senhor,,,cantos/847_Ó_luz_do_Senhor.pdf
848,"Vem, ó Santo Espírito",Ir. Idê Maria,,cantos/848_Vem_ó_Santo_Espírito.pdf
849,Estes lábios meus,,,cantos/849_Estes_lábios_meus.pdf
850,Louvo a Deus,Fr. Vilson João,,cantos/850_Louvo_a_Deus.pdf
851,Glória a Cristo nossa vida,,,cantos/851_Glória_a_Cristo_nossa_vida.pdf
852,A Palavra de Deus a Maria,Pe. Campos,,cantos/852_A_Palavra_de_Deus_a_Maria.pdf
853,"Jesus Cristo, ontem hoje e sempre",Fr. Luiz Turra,,cantos/853_Jesus_Cristo_ontem_hoje_e_sempre.pdf
854,Caminhamos pela luz de Deus,África do Sul,,cantos/854_Caminhamos_pela_luz_de_Deus.pdf
855,Onde reina o amor,Taizé,,cantos/855_Onde_reina_o_amor.pdf
856,Bendito sejais,Pe. Ney Brasil,,cantos/856_Bendito_sejais.pdf
857,Oh! Vinde Espírito Criador,Pe. Ney Brasil,,cantos/857_Oh_Vinde_Espírito_Criador.pdf
858,"Senhor, ensina-nos a orar",Pe. Ney Brasil,,cantos/858_Senhor_ensina-nos_a_orar.pdf
859,"Nossa Igreja, unida",Diácono Aury Azeho Brunetti,,cantos/859_Nossa_Igreja_unida.pdf
860,Na longa estada da vida,Casimiro Nogueira,,cantos/860_Na_longa_estada_da_vida.pdf
861,O que sente o teu Coração,Ir. Míria T. Kolling,,cantos/861_O_que_sente_o_teu_Coração.pdf
862,"Sou ainda jovem, ó Senhor",Ir. Míria T. Kolling,,cantos/862_Sou_ainda_jovem_ó_Senhor.pdf
863,"Enviai, Senhor! (Após a Comunhão)",Pe. Ney Brasil,,cantos/863_Enviai_Senhor_Após_a_Comunhão.pdf
864,O Espírito de Deus,Eurivaldo S. Ferreira,,cantos/864_O_Espírito_de_Deus.pdf
865,Deus nos abençoe!,Zé Vicente,,cantos/865_Deus_nos_abençoe.pdf
866,A amizade,Ir. Míria T. Kolling,,cantos/866_A_amizade.pdf
867,Vem e aperta com amizade,,,cantos/867_Vem_e_aperta_com_amizade.pdf
868,O nosso curso de canto pastoral,Milton P. Soares,,cantos/868_O_nosso_curso_de_canto_pastoral.pdf
869,Coração apaixonado,Ir. Míria T. Kolling,José Thomaz Filho,cantos/869_Coração_apaixonado.pdf
870,No esplendor da vitória,Pe. Hermírio Ignácio,,cantos/870_No_esplendor_da_vitória.pdf
871,Que mais eu posso de dar? (Oferendas),Pe. Joãozinho,,cantos/871_Que_mais_eu_posso_de_dar_Oferendas.pdf
872,Vinde ó povo escolhido,Renato Menghi,,cantos/872_Vinde_ó_povo_escolhido.pdf
873,Cristo é minha vida,Pe. Joãozinho,,cantos/873_Cristo_é_minha_vida.pdf
874,A negra noite foi tomada,Alexandre Rodacki,,cantos/874_A_negra_noite_foi_tomada.pdf
875,És o amigo ideal,Ana Paula,,cantos/875_És_o_amigo_ideal.pdf
876,Olhando nos teu olhos,Pe. Joãozinho,,cantos/876_Olhando_nos_teu_olhos.pdf
877,Sentado à beira,D. Pedro Brito Guimarães,,cantos/877_Sentado_à_beira.pdf
878,"Seja bem-vindo, o lê lê!",Pe. José F. Campos,,cantos/878_Seja_bem-vindo_o_lê_lê.pdf
879,A Palavra de Deus,Ir. Míria T. Kolling,,cantos/879_A_Palavra_de_Deus.pdf
880,Perto de nós,,,cantos/880_Perto_de_nós.pdf
881,"Aceita, ó Senhor",Oswaldo José dos Santos,,cantos/881_Aceita_ó_Senhor.pdf
882,Na mesa da Eucaristia,Pe. José Eugênio,Pe. Vanildo,cantos/882_Na_mesa_da_Eucaristia.pdf
883,Eu creio em Deus que canta,Noel Colombier,,cantos/883_Eu_creio_em_Deus_que_canta.pdf
884,O Cristo está vivo,Ivaldo Roque,H. Tolgo,cantos/884_O_Cristo_está_vivo.pdf
885,"Tu és a luz, Senhor",Reginaldo Veloso,,cantos/885_Tu_és_a_luz_Senhor.pdf
886,"Inclinai, Senhor, o vosso ouvido!",Eurivaldo Silva Ferreira,,cantos/886_Inclinai_Senhor_o_vosso_ouvido.pdf
887,Jesus é o Senhor,Pe. Josenildo do Pajeú,,cantos/887_Jesus_é_o_Senhor.pdf
888,"No princípio, teu Espírito",Pe. Josenildo do Pajeú,,cantos/888_No_princípio_teu_Espírito.pdf
889,Banhados em Cristo,Adaptação de Ione Buyst,,cantos/889_Banhados_em_Cristo.pdf
890,"Bem-vindo és, Senhor",Pe. Jacques Zwaanenburg,,cantos/890_Bem-vindo_és_Senhor.pdf
891,Kyrie,Taizé,,cantos/891_Kyrie.pdf
892,"Jesus, Tu és",Taizé,,cantos/892_Jesus_Tu_és.pdf
893,Louva o Senhor,Taizé,,cantos/893_Louva_o_Senhor.pdf
894,Do coração da Trindade,Ir. Míria T. Kolling,José Thomaz Filho,cantos/894_Do_coração_da_Trindade.pdf
895,Ó Trindade imensa e una,Ir. Míria T. Kolling,,cantos/895_Ó_Trindade_imensa_e_una.pdf
896,Glória ao Pai dos homens,José Alves,Pe. Josmar Braga,cantos/896_Glória_ao_Pai_dos_homens.pdf
897,"Deus eterno, a Vós louvor!",Heinrich Bone - 1852 - Viena,Ignaz Franz - 1771,cantos/897_Deus_eterno_a_Vós_louvor.pdf
898,Eu te louvarei,Pe. Josmar Braga,,cantos/898_Eu_te_louvarei.pdf
899,"A vossos pés, ó Maria",Ir. Míria T. Kolling,,cantos/899_A_vossos_pés_ó_Maria.pdf
900,Tudo vale a pena,Música e estrofes: Fr. Luiz Turra,,cantos/900_Tudo_vale_a_pena.pdf
901,Servidor eras tu,Telmo José Tomio,João de Araújo,cantos/901_Servidor_eras_tu.pdf
902,Sempre a dor em tua estrada,Ir. Míria T. Kolling,João de Araújo,cantos/902_Sempre_a_dor_em_tua_estrada.pdf
903,Se algum dia,Arnaldo Ribeiro,,cantos/903_Se_algum_dia.pdf
904,"Obrigado, Senhor!",Ir.Míria T. Kolling,,cantos/904_Obrigado_Senhor.pdf
905,A minha alma tem sede,André Zamur,,cantos/905_A_minha_alma_tem_sede.pdf
906,Fazei Ressoar,Ir. Maria José,,cantos/906_Fazei_Ressoar.pdf
907,A Deus para sempre cantai,Recolhido por Pe. Paulo Crozera,,cantos/907_A_Deus_para_sempre_cantai.pdf
908,Aleluia! tua Palavra (Aclamação ao Evangelho),Daniel Nicolini,,cantos/908_Aleluia_tua_Palavra_Aclamação_ao_Evangelho.pdf
909,Alegrai-vos!,Josenildo do Pajeú,,cantos/909_Alegrai-vos.pdf
910,O sol nasceu,Josenildo do Pajeú,,cantos/910_O_sol_nasceu.pdf
911,Estes lábios meus,L. E. Baronto,,cantos/911_Estes_lábios_meus.pdf
912,Recordações,Josenildo do Pajeú,,cantos/912_Recordações.pdf
913,Venham todos para a ceia do Senhor!,Ir. Míria T. Kolling,D. Carlos Alberto Navarro,cantos/913_Venham_todos_para_a_ceia_do_Senhor.pdf
914,Quem tem a graça? (Entrada),Pe. João Carlos Ribeiro,,cantos/914_Quem_tem_a_graça_Entrada.pdf
915,Quem não renascer da água (Entrada - Aspersão),Fr. Beraldo J. Hanlon,,cantos/915_Quem_não_renascer_da_água_Entrada_-_Aspersão.pdf
916,Bendito seja! (Oferendas),Pe. José Weber,,cantos/916_Bendito_seja_Oferendas.pdf
917,Nosso Pai nos põe a mesa (Oferendas),Ir. Míria T. Kolling,Pe. Lúcio Floro,cantos/917_Nosso_Pai_nos_põe_a_mesa_Oferendas.pdf
918,Não existe amor sem entrega (Comunhão),Fr. Gotzon Aulestia,,cantos/918_Não_existe_amor_sem_entrega_Comunhão.pdf
919,Ó tu que estás em casa (Após a Comunhão),Fr. Adolfo Temme,,cantos/919_Ó_tu_que_estás_em_casa_Após_a_Comunhão.pdf
920,Como os primeiros irmãos (Comunhão),Pe. Ney Brasil,,cantos/920_Como_os_primeiros_irmãos_Comunhão.pdf
921,Mesmo as trevas,Taizé,,cantos/921_Mesmo_as_trevas.pdf
922,O Espírito do Senhor,Reginaldo Veloso,,cantos/922_O_Espírito_do_Senhor.pdf
923,Eu conheço teu nome (Cânone),José Thomáz Filho,,cantos/923_Eu_conheço_teu_nome_Cânone.pdf
924,Sejamos Um para que o mundo creia,Pe. Ney Brasil,,cantos/924_Sejamos_Um_para_que_o_mundo_creia.pdf
925,Dá tua paz,Taizé,,cantos/925_Dá_tua_paz.pdf
926,Misericordioso é Deus!,Taizé,,cantos/926_Misericordioso_é_Deus.pdf
927,Quando nasce a luz,Ir. Míria T. Kolling,Pe. Lúcio Floro,cantos/927_Quando_nasce_a_luz.pdf
928,Espírito de Deus,Ir. Míria T. Kolling,,cantos/928_Espírito_de_Deus.pdf
929,Outra vez me vejo só,Carlos Alberto Tolovi,,cantos/929_Outra_vez_me_vejo_só.pdf
930,O Deus que me criou,Zé Vicente,,cantos/930_O_Deus_que_me_criou.pdf
931,Quero a Deus proclamar,Flávio Luiz Jabbur Ferreira,,cantos/931_Quero_a_Deus_proclamar.pdf
932,Louvai ao Senhor,Flávio Luiz Jabbur Ferreira,,cantos/932_Louvai_ao_Senhor.pdf
933,Os olhos de Deus te encontraram,Juliana Marilia Colli,Fr. José Moacyr Cadenassi,cantos/933_Os_olhos_de_Deus_te_encontraram.pdf
934,És a nossa Mãe querida,Ir. Míria T. Kolling,Pe. Lúcio Floro,cantos/934_És_a_nossa_Mãe_querida.pdf
935,Deixa a minha alegria,Ir. Míria T. Kolling,,cantos/935_Deixa_a_minha_alegria.pdf
936,Com a sede de luz,Telmo José Tomio,José Thomaz Filho,cantos/936_Com_a_sede_de_luz.pdf
937,Só por Cristo paixão cultivaste,Margarida Cardoso de Faria,João de Araújo,cantos/937_Só_por_Cristo_paixão_cultivaste.pdf
938,Quando a noite chegar,melodia alemã,Adolfo Temme,cantos/938_Quando_a_noite_chegar.pdf
939,Sou Cidade (Entrada),Waldci Farias,Pe. Lúcio Floro,cantos/939_Sou_Cidade_Entrada.pdf
940,Há mistérios (Bênção da água),Waldeci Farias,Pe. Lúcio Floro,cantos/940_Há_mistérios_Bênção_da_água.pdf
941,Eu era ovelha perdida,Waldeci Farias,Pe. Lúcio Floro),cantos/941_Eu_era_ovelha_perdida.pdf
942,A minha vela acenderei,Waldeci Farias,Pe. Lúcio Floro,cantos/942_A_minha_vela_acenderei.pdf
943,Nem sempre sou do jeito que me penso,André J. Zamur,J. Thomaz Filho,cantos/943_Nem_sempre_sou_do_jeito_que_me_penso.pdf
944,Querido Pai (Ato Penitencial),k ll,,cantos/944_Querido_Pai_Ato_Penitencial.pdf
945,A comunidade (Procissão da Palavra),Pe. José Freitas Campos,,cantos/945_A_comunidade_Procissão_da_Palavra.pdf
946,Santo,Pe. Lucas de P. Almeida,,cantos/946_Santo.pdf
947,Louvai a Deus em seu santuário,Fr. Fabreti,,cantos/947_Louvai_a_Deus_em_seu_santuário.pdf
948,"Quão amável, meu Senhor",Fr. Fabreti,,cantos/948_Quão_amável_meu_Senhor.pdf
949,Minha força e meu canto é o Senhor,Zé Vicente,,cantos/949_Minha_força_e_meu_canto_é_o_Senhor.pdf
950,Antes de te formares,,,cantos/950_Antes_de_te_formares.pdf
951,Eu venho do sul e do norte,Pe. Zezinho,,cantos/951_Eu_venho_do_sul_e_do_norte.pdf
952,Quando o trigo amadurece (Oferendas),Ir. Maria do Carmo S. Ramos,,cantos/952_Quando_o_trigo_amadurece_Oferendas.pdf
953,"Seduziste-me, Senhor!",,,cantos/953_Seduziste-me_Senhor.pdf
954,"Sim, o amor de meu Deus me escolheu",Fr Fabreti,Fr. Aloísio Junior,cantos/954_Sim_o_amor_de_meu_Deus_me_escolheu.pdf
955,Confiemo-nos ao Senhor,Taizé,,cantos/955_Confiemo-nos_ao_Senhor.pdf
956,Não te perturbes,,,cantos/956_Não_te_perturbes.pdf
957,"Creio em Ti, meu Senhor",Fr. Fabreti,J. Thomaz Filho,cantos/957_Creio_em_Ti_meu_Senhor.pdf
958,Vem com teu saber,Ir. Egnalda Rocha,,cantos/958_Vem_com_teu_saber.pdf
959,"Hosana, hosana ao Rei",,,cantos/959_Hosana_hosana_ao_Rei.pdf
960,Ó minha Senhora,Fátima M. Gabrielli,,cantos/960_Ó_minha_Senhora.pdf
961,Que a chama de Deus,Waldeci Farias,Neusa Maria Schneider,cantos/961_Que_a_chama_de_Deus.pdf
962,Sou catequista,Cláudia Queiróz,Rogério Belini,cantos/962_Sou_catequista.pdf
963,A família é bênção de Deus,Cláudia Queirós,Rogério Bellini,cantos/963_A_família_é_bênção_de_Deus.pdf
964,"Cantai, cristãos, afinal (Sequência - Missa da Páscoa)",Míria T. Kolling,,cantos/964_Cantai_cristãos_afinal_Sequência_-_Missa_da_Páscoa.pdf
965,Espírito de Deus (Sequência da missa de Pentecostes),Ir. Míria T. Kolling,,cantos/965_Espírito_de_Deus_Sequência_da_missa_de_Pentecostes.pdf
966,Venho exaltar teu nome,Flávio Jabbur,,cantos/966_Venho_exaltar_teu_nome.pdf
967,"Em ti, meu Deus! (Salmo responsorial)",Ir. Míria T. Kolling,,cantos/967_Em_ti_meu_Deus_Salmo_responsorial.pdf
968,"Aleluia, eu te bendigo (Aclamação ao Evangelho)",Ir. Míria T. Kolling,,cantos/968_Aleluia_eu_te_bendigo_Aclamação_ao_Evangelho.pdf
969,"Ó meu Deus, Trindade Santa (Oferendas)",Ir. Míria T. Kolling,,cantos/969_Ó_meu_Deus_Trindade_Santa_Oferendas.pdf
970,Tenho sede! Tu és a fonte! (Comunhão),Ir. Míria T. Kolling,,cantos/970_Tenho_sede_Tu_és_a_fonte_Comunhão.pdf
971,É uma luz tua Palavra,Ir. Míria T. Kolling,,cantos/971_É_uma_luz_tua_Palavra.pdf
972,Aleluia (Aclamação ao Evangelho),Taizé,,cantos/972_Aleluia_Aclamação_ao_Evangelho.pdf
973,Aleluia (II),André Zamur,,cantos/973_Aleluia_II.pdf
974,Kyrie,M. Carreiro,,cantos/974_Kyrie.pdf
975,"Lavai-me, ó Senhor",Ir. Míria T. Kolling,,cantos/975_Lavai-me_ó_Senhor.pdf
976,Glória a Deus!,Eliomar Ribeiro,,cantos/976_Glória_a_Deus.pdf
977,"Senhor, nosso caminho!",Ir. Míria T. Kolling,,cantos/977_Senhor_nosso_caminho.pdf
978,"Dai-nos, ó Pai, vosso Espírito",Ir. Míria T. Kolling,,cantos/978_Dai-nos_ó_Pai_vosso_Espírito.pdf
979,Iluminai a vossa Igreja,Ir. Míria T. Kolling,,cantos/979_Iluminai_a_vossa_Igreja.pdf
980,Santo (I),André Zamur,,cantos/980_Santo_I.pdf
981,Santo (II),Fr. José Luiz Prim,,cantos/981_Santo_II.pdf
982,Aclamações da Oração Eucarística,Ellias Della Giustina,,cantos/982_Aclamações_da_Oração_Eucarística.pdf
983,"Eis o mistério da fé! Anunciamos, Senhor",J. A. Santana,,cantos/983_Eis_o_mistério_da_fé_Anunciamos_Senhor.pdf
984,"Glória, amém!",Pe. José Cândido,,cantos/984_Glória_amém.pdf
985,Shalom para ti (Abraço da paz),Fernando Romualdo,,cantos/985_Shalom_para_ti_Abraço_da_paz.pdf
986,Cristo é nosso Amém!,Melodia e arranjos: Eurivaldo S. Ferreira,,cantos/986_Cristo_é_nosso_Amém.pdf
987,Cordeiro de Deus,Pe. Ney Brasil,,cantos/987_Cordeiro_de_Deus.pdf
988,Ritos Iniciais,Ir. Míria T. Kolling,,cantos/988_Ritos_Iniciais.pdf
989,Ritos Finais,Ir. Míria T. Kolling,,cantos/989_Ritos_Finais.pdf
990,"Venham, ó nações! (Abertura)",José Bruno Fontes Soares,,cantos/990_Venham_ó_nações_Abertura.pdf
993,Nossos olhos,Ir. Agostinha Vieira de Melo,,cantos/993_Nossos_olhos.pdf
994,"Senhor, nós te esperamos",Adolfo Temme,,cantos/994_Senhor_nós_te_esperamos.pdf
995,Esta é a ceia do Pai (Comunhão),José Eugênio Rodolfo,,cantos/995_Esta_é_a_ceia_do_Pai_Comunhão.pdf
996,"Vêm com alegria, Senhor (Entrada)",C. Gabarain,,cantos/996_Vêm_com_alegria_Senhor_Entrada.pdf
997,Bendito e louvado seja (Oferendas),Pe. João Carlos Ribeiro,,cantos/997_Bendito_e_louvado_seja_Oferendas.pdf
998,Vós sois o sal da terra (Refrão orante),Ir. Míria T. Kolling,,cantos/998_Vós_sois_o_sal_da_terra_Refrão_orante.pdf
999,Obras do Senhor,Fr. Fabreti,,cantos/999_Obras_do_Senhor.pdf
1000,"Bendito sejas, Deus da Vida!",Ir. Míria T. Kolling,,cantos/1000_Bendito_sejas_Deus_da_Vida.pdf
1001,"Feliz, feliz Páscoa (Abraço da Paz - Louvor Final)",Pe. Ney Brasil,,cantos/1001_Feliz_feliz_Páscoa_Abraço_da_Paz_-_Louvor_Final.pdf
1002,Que mistério de vida é este (Comunhão),Pe. Daniel C. Nicolini,Erivaldo S. Ferreira,cantos/1002_Que_mistério_de_vida_é_este_Comunhão.pdf
1003,"Vem, Santo Espírito!",,,cantos/1003_Vem_Santo_Espírito.pdf
1004,"Ó vinde, irmãos (Entrada)",Ir. Míria T. Kolling,D. Carlos Alberto Navarro,cantos/1004_Ó_vinde_irmãos_Entrada.pdf
1005,Benza Deus (Para as refeições),Zé Vicente,,cantos/1005_Benza_Deus_Para_as_refeições.pdf
1006,O alimento é dom de Deus (Para as refeições),Fr. José Luiz Prim,,cantos/1006_O_alimento_é_dom_de_Deus_Para_as_refeições.pdf
1007,Em águas mais profundas,D. Pedro Brito Guimarães,,cantos/1007_Em_águas_mais_profundas.pdf
1008,Fica entre nós,,,cantos/1008_Fica_entre_nós.pdf
1009,Se o grão de trigo,Ir. Míria T. Kolling,José Bortolini,cantos/1009_Se_o_grão_de_trigo.pdf
1010,O teu olhar,Pe. Joãozinho,,cantos/1010_O_teu_olhar.pdf
1011,Eu vivo na fé do Filho de Deus,Pe. Ney Brasil,,cantos/1011_Eu_vivo_na_fé_do_Filho_de_Deus.pdf
1012,"Jesus, meu Tesouro",,Fr. Adolfo Temme,cantos/1012_Jesus_meu_Tesouro.pdf
1013,Como a fumaça do incenso,Ir. Míria T. Kolling,Joel Nery,cantos/1013_Como_a_fumaça_do_incenso.pdf
1014,Mãe de Deus,Pe. Joãozinho,,cantos/1014_Mãe_de_Deus.pdf
1015,"Em ti, Maria",Ir. Míria T. Kolling,Fr. José Moacyr Cadenassi,cantos/1015_Em_ti_Maria.pdf
1016,Coroação de Nossa Senhora,Maria Antoniena C. de Faria Figueiredo,,cantos/1016_Coroação_de_Nossa_Senhora.pdf
1017,A paz para quem é gente de paz,Ir. Míria T. Kolling,Pe. José Bortolini,cantos/1017_A_paz_para_quem_é_gente_de_paz.pdf
1018,Quem serve a Deus,Versão: Reginaldo Veloso,,cantos/1018_Quem_serve_a_Deus.pdf
1019,Tanto que faz pela messe Abertura e louvor final),Eurivaldo S. Ferreira,,cantos/1019_Tanto_que_faz_pela_messe_Abertura_e_louvor_final.pdf
1020,Com Deus eu me deito,Zé Vicente,,cantos/1020_Com_Deus_eu_me_deito.pdf
1021,Eu também sou missionário,Leonardo Piaccentini,,cantos/1021_Eu_também_sou_missionário.pdf
1022,São horizontes infinitos,Ir. Míria T. Kolling,,cantos/1022_São_horizontes_infinitos.pdf
1023,Hoje e sempre da Igreja pilares,Ir. Míria T. Kolling,João de Araújo,cantos/1023_Hoje_e_sempre_da_Igreja_pilares.pdf
1024,És do Cristo um apóstolo,Ir. Míria T. Kolling,João de Araújo,cantos/1024_És_do_Cristo_um_apóstolo.pdf
1025,Bênção Trinitária,Ir. Míria T. Kolling,Bárbara Maix,cantos/1025_Bênção_Trinitária.pdf
1026,Só porque você veio...é festa no céu! (Acolhida),Recolhido por Ir. Míria T. Kolling,,cantos/1026_Só_porque_você_veioé_festa_no_céu_Acolhida.pdf
1027,"Queremos ver Jesus Caminho, Verdade e Vida",Ir. Míria T. Kolling,,cantos/1027_Queremos_ver_Jesus_Caminho_Verdade_e_Vida.pdf
1028,"Ó Senhor, em tua casa",Ir. Míria T. Kolling,Fr. José Moacyr Cadenassi,cantos/1028_Ó_Senhor_em_tua_casa.pdf
1029,É assim a geração (Salmo responsorial),Ir. Míria T. Kolling,,cantos/1029_É_assim_a_geração_Salmo_responsorial.pdf
1030,Aleluia! Ao Cordeiro Santo (Aclamação ao Evangelho),Ir. Míria T. Kolling,,cantos/1030_Aleluia_Ao_Cordeiro_Santo_Aclamação_ao_Evangelho.pdf
1031,A Ti se eleva a nossa prece (Oferendas),Ir. Míria T. Kolling,Fr. José Moacyr Cadenassi,cantos/1031_A_Ti_se_eleva_a_nossa_prece_Oferendas.pdf
1032,Felizes os pobres (Comunhão),Ir. Míria T. Kolling,Fr. José Moacyr Cadenassi,cantos/1032_Felizes_os_pobres_Comunhão.pdf
1033,"Jesus, que o mundo salvastes (Pós-Comunhão)",Ir. Míria T. Kolling,,cantos/1033_Jesus_que_o_mundo_salvastes_Pós-Comunhão.pdf
1034,Multidão tão numerosa (Louvor final),Ir. Míria T. Kolling,Fr. José Moacyr Cadenassi,cantos/1034_Multidão_tão_numerosa_Louvor_final.pdf
1035,Anunciai pelo mundo (Abertura),Pe. José Cândido da Silva,,cantos/1035_Anunciai_pelo_mundo_Abertura.pdf
1036,Alegremente nos dispomos (Resposta à Palavra),Pe. José Cândido da Silva,,cantos/1036_Alegremente_nos_dispomos_Resposta_à_Palavra.pdf
1037,Aleluia! (Aclamação ao Evangelho),Pe. José Cândido da Silva,,cantos/1037_Aleluia_Aclamação_ao_Evangelho.pdf
1038,Eu te ofereço o meu viver,Pe. José Cândido da Silva,,cantos/1038_Eu_te_ofereço_o_meu_viver.pdf
1039,Nas tuas mãos (Comunhão),Pe. José Cândido da Silva,,cantos/1039_Nas_tuas_mãos_Comunhão.pdf
1040,Disse o Senhor ao meu Senhor (Pós-comunhão),,,cantos/1040_Disse_o_Senhor_ao_meu_Senhor_Pós-comunhão.pdf
1041,"Hoje venho, Senhor (Louvor final)",Ir. Míria T. Kolling,,cantos/1041_Hoje_venho_Senhor_Louvor_final.pdf
1042,Brilhe a vossa luz,Pe Ney Brasil,,cantos/1042_Brilhe_a_vossa_luz.pdf
1043,Ladainha de Todos os Santos,André Zamur,,cantos/1043_Ladainha_de_Todos_os_Santos.pdf
1044,Senhor,Pe. Ney Brasil,,cantos/1044_Senhor.pdf
1045,Glória a Deus,Andréa A. de Munhoz Lopes,,cantos/1045_Glória_a_Deus.pdf
1046,Resposta à Prece dos fiés,Venha o vosso Reino,,cantos/1046_Resposta_à_Prece_dos_fiés.pdf
1047,Santo,Oswaldo J. Santos,,cantos/1047_Santo.pdf
1048,Após a Consagração,Marcelo Vizani,,cantos/1048_Após_a_Consagração.pdf
1049,Aclamações da Oração Eucarística,,,cantos/1049_Aclamações_da_Oração_Eucarística.pdf
1050,Doxologia final - Amém (I),Ir. Míria T. Kolling,,cantos/1050_Doxologia_final_-_Amém_I.pdf
1051,Cristo é o nosso Amém! (II),Ir. Míria T. Kolling,Lecionário,cantos/1051_Cristo_é_o_nosso_Amém_II.pdf
1052,Pai Nosso,João Paulo Munhoz &,,cantos/1052_Pai_Nosso.pdf
1053,A paz do Senhor,Rafael Righini,,cantos/1053_A_paz_do_Senhor.pdf
1054,Cordeiro de Deus,Eurivaldo S. Ferreira,,cantos/1054_Cordeiro_de_Deus.pdf
1055,Reúne teu povo,Am Dm G £ Em£ £,,cantos/1055_Reúne_teu_povo.pdf
1056,"Senhor, tua Palavra",Ir. Míria T. Kolling,,cantos/1056_Senhor_tua_Palavra.pdf
1057,A Palavra de Deus chegou,Socorro Lira,,cantos/1057_A_Palavra_de_Deus_chegou.pdf
1058,É preciso renascer,J. Pedro Martins,,cantos/1058_É_preciso_renascer.pdf
1059,A água que eu te darei,Ir. Míria T. Kolling,,cantos/1059_A_água_que_eu_te_darei.pdf
1060,Deus é Amor (Refrão orante),Taizé,,cantos/1060_Deus_é_Amor_Refrão_orante.pdf
1061,Aleluia,Owen Alstott,,cantos/1061_Aleluia.pdf
1062,"Senhor, escuta as preces (Entrada)",Reginaldo Veloso,,cantos/1062_Senhor_escuta_as_preces_Entrada.pdf
1063,Cantemos juntos (Oferendas),Oswaldo J. Santos,,cantos/1063_Cantemos_juntos_Oferendas.pdf
1064,"Graças, Senhor (Comunhão)",Ricardo Trenemann,,cantos/1064_Graças_Senhor_Comunhão.pdf
1065,Luz radiante,,,cantos/1065_Luz_radiante.pdf
1066,Na festa da vida!,Pe. Lucas de Paula Almeida,Pe. Lúcio Floro,cantos/1066_Na_festa_da_vida.pdf
1067,Somente um canto,Focolarinos,,cantos/1067_Somente_um_canto.pdf
1068,"Não há, não há",Ir. Míria T. Kolling,Pe. José Bortolini,cantos/1068_Não_há_não_há.pdf
1069,Que os anjos te conduzam!...,Ir. Míria T. Kolling,,cantos/1069_Que_os_anjos_te_conduzam.pdf
1070,Do tronco da vida,Fr. Adolfo Temme,,cantos/1070_Do_tronco_da_vida.pdf
1071,"Acolhei, ó Redentor",Pe. Ney Brasil,CNBB,cantos/1071_Acolhei_ó_Redentor.pdf
1072,Sou de Deus trovador,Pe. José Freitas Campos,,cantos/1072_Sou_de_Deus_trovador.pdf
1073,Na voz do nosso sofrimento,Eurivaldo Silva Ferreira,,cantos/1073_Na_voz_do_nosso_sofrimento.pdf
1074,Sou romeiro que caminha (Abertura/Romaria),,,cantos/1074_Sou_romeiro_que_caminha_AberturaRomaria.pdf
1075,Um homem de Deus vem chegando (Vocacional),André Zamur,João de Araújo,cantos/1075_Um_homem_de_Deus_vem_chegando_Vocacional.pdf
1076,Louvemos o Senhor,Taizé,,cantos/1076_Louvemos_o_Senhor.pdf
1077,Deus velará por nós!,Ir. Míria T. Kolling,Bárbara Maix,cantos/1077_Deus_velará_por_nós.pdf
1078,Jubilate Deo (Canone),Michael Prætorius,,cantos/1078_Jubilate_Deo_Canone.pdf
1079,Enquanto temos água,Moacyr Carlos Junior,,cantos/1079_Enquanto_temos_água.pdf
1080,Me despedindo eu vou (Louvor final/Encontro),Pe. José Freitas Campos,,cantos/1080_Me_despedindo_eu_vou_Louvor_finalEncontro.pdf
1081,Santa Margarida Maria Alacoque,Ir. Míria T. Kolling,João de Araújo,cantos/1081_Santa_Margarida_Maria_Alacoque.pdf
1082,De família tão simples e pobre,Ir. Míria T. Kolling,João de Araújo,cantos/1082_De_família_tão_simples_e_pobre.pdf
1083,Este povo chegou! (Acolhida),Pe. Renato Luiz Caron,,cantos/1083_Este_povo_chegou_Acolhida.pdf
1084,"Venham, venham todos",André Zamur,J. Thomaz Filho,cantos/1084_Venham_venham_todos.pdf
1085,Ide por todo o mundo (Salmo Responsorial),Ir. Míria T. Kolling,Lecionário,cantos/1085_Ide_por_todo_o_mundo_Salmo_Responsorial.pdf
1086,Os que lançam as sementes Salmo responsorial),André Zamur,J. Thomaz Filho,cantos/1086_Os_que_lançam_as_sementes_Salmo_responsorial.pdf
1087,"Aleluia, aleluia! (Aclamação ao Evangelho)",André Zamur,J. Thomaz Filho,cantos/1087_Aleluia_aleluia_Aclamação_ao_Evangelho.pdf
1088,Quando lhe falamos de fome (Oferendas),Ir. Míria T. Kolling,J. Thomaz Filho,cantos/1088_Quando_lhe_falamos_de_fome_Oferendas.pdf
1089,Eu deixei o meu barco (Comunhão),André Zamur,J. Thomaz Filho,cantos/1089_Eu_deixei_o_meu_barco_Comunhão.pdf
1090,Do supremo Rei na corte,Ir. Míria T. Kolling,Liturgia das Horas,cantos/1090_Do_supremo_Rei_na_corte.pdf
1091,Impossível cruzar os meus braços,Ir. Míria T. Kolling,J. Thomaz Filho,cantos/1091_Impossível_cruzar_os_meus_braços.pdf
1092,Amou-nos até o fim!,Ir. Míria T. Kolling,,cantos/1092_Amou-nos_até_o_fim.pdf
1093,"Senhor, tende piedade!",Valdeci Farias,,cantos/1093_Senhor_tende_piedade.pdf
1094,"Aspergi-me, Senhor! (Rito da Aspersão)",Paulo Luiz Domingos,,cantos/1094_Aspergi-me_Senhor_Rito_da_Aspersão.pdf
1095,Glória a Deus lá nas alturas (Hino de Louvor),Pe. Arcângelo Gabriel Vigne,,cantos/1095_Glória_a_Deus_lá_nas_alturas_Hino_de_Louvor.pdf
1095,(Hino de Louvor),,,cantos/1095_Hino_de_Louvor.pdf
1096,Glória a Deus nos altos céus! (Hino de Louvor),Fr. Alberto Beckhäuser,CNBB,cantos/1096_Glória_a_Deus_nos_altos_céus_Hino_de_Louvor.pdf
1097,"Atendei-nos, Senhor!",Ir. Míria T. Kolling,,cantos/1097_Atendei-nos_Senhor.pdf
1098,Santo,Pe. Arcângelo Gabriel Vigne,,cantos/1098_Santo.pdf
1099,Santificai nossa oferenda,HL,,cantos/1099_Santificai_nossa_oferenda.pdf
1100,Eis o mistério da fé,Juliana Maria Colli,,cantos/1100_Eis_o_mistério_da_fé.pdf
1101,Doxologia (I),Hinário Litúrgico,,cantos/1101_Doxologia_I.pdf
1102,Doxologia (II),"Amém, aleluia!",,cantos/1102_Doxologia_II.pdf
1103,A paz esteja convosco (Abraço da paz),Música israelita,,cantos/1103_A_paz_esteja_convosco_Abraço_da_paz.pdf
1104,Cordeiro de Deus,Pe. Arcângelo Gabriel Vigne,,cantos/1104_Cordeiro_de_Deus.pdf
1105,Estes lábios meus,Edna Bernardo,ODC,cantos/1105_Estes_lábios_meus.pdf
1106,"Protege-me, ó Deus",Jocy Rodrigues,,cantos/1106_Protege-me_ó_Deus.pdf
1107,"Irmãos, saudemos com alegria",Leonardo Piacentini,,cantos/1107_Irmãos_saudemos_com_alegria.pdf
1108,Suba aos céus,Eurivaldo Silva Ferreira,,cantos/1108_Suba_aos_céus.pdf
1109,Amém,Ir. Míria T. Kolling,,cantos/1109_Amém.pdf
1110,A Palavra do Senhor,Eurivaldo S. Ferreira,,cantos/1110_A_Palavra_do_Senhor.pdf
1111,Tua Palavra é,Zé Vicente,,cantos/1111_Tua_Palavra_é.pdf
1112,"Aleluia, Cristo vai falar!",Oswaldo J. Santos,,cantos/1112_Aleluia_Cristo_vai_falar.pdf
1113,Aleluia,Daniel De Angeles A. Pereira,,cantos/1113_Aleluia.pdf
1114,Atenção todos que estão com sede,Ir. Míria T. Kolling,,cantos/1114_Atenção_todos_que_estão_com_sede.pdf
1115,O trigo foi semeado (Oferendas),Pe. José Cândido da Silva,,cantos/1115_O_trigo_foi_semeado_Oferendas.pdf
1116,Eu sou o Pão da Vida (Comunhão),,,cantos/1116_Eu_sou_o_Pão_da_Vida_Comunhão.pdf
1117,Vinde e vede! (Abertura/Comunhão),Pe. Ney Brasil Pereira,,cantos/1117_Vinde_e_vede_AberturaComunhão.pdf
1118,"Fica aqui, Jesus (Refrão orante)",Taizé,,cantos/1118_Fica_aqui_Jesus_Refrão_orante.pdf
1119,Diante de tanta descrença,Pe. José Freitas Campos,,cantos/1119_Diante_de_tanta_descrença.pdf
1120,Dona nobis pacem,,,cantos/1120_Dona_nobis_pacem.pdf
1121,Haja paz na terra!,Sv. Miller e Jill Lackson,,cantos/1121_Haja_paz_na_terra.pdf
1122,Santa Eucaristia,Ir. Míria T. Kolling,Pe. Lúcio Floro,cantos/1122_Santa_Eucaristia.pdf
1123,Vem Divino Espírito (Refrão ao Espírito Santo),Taizé,,cantos/1123_Vem_Divino_Espírito_Refrão_ao_Espírito_Santo.pdf
1124,Enfeitada assim de sol poente (Comunhão),Pe. Ricardo Dias Neto,,cantos/1124_Enfeitada_assim_de_sol_poente_Comunhão.pdf
1125,Ressuscitou de verdade! (Refrão Pascal),Taizé,,cantos/1125_Ressuscitou_de_verdade_Refrão_Pascal.pdf
1126,"Luz do mundo (Batismo, Celebração da Luz...)",João Batista Ferreira (Mutum),,cantos/1126_Luz_do_mundo_Batismo_Celebração_da_Luz.pdf
1127,Tu és a glória de Jerusalém,Pe. Manuel Luis,Pe Fernando Meiro,cantos/1127_Tu_és_a_glória_de_Jerusalém.pdf
1128,"A vós, meu anjo protetor",Pe. Arcângelo Gabriel Vigne,,cantos/1128_A_vós_meu_anjo_protetor.pdf
1129,Uma vela na coroa acendemos,André W. Martinelli,,cantos/1129_Uma_vela_na_coroa_acendemos.pdf
1130,Maria Imaculada,Ir. Míria T. Kolling,,cantos/1130_Maria_Imaculada.pdf
1131,Povo meu (Sexta-feira Santa e adoração da Cruz),Fr. Luiz Turra,João de Araújo,cantos/1131_Povo_meu_Sexta-feira_Santa_e_adoração_da_Cruz.pdf
1132,Ó vós todos,,,cantos/1132_Ó_vós_todos.pdf
1133,Eu já não bebo dos riachos,Ir. Míria T. Kolling,,cantos/1133_Eu_já_não_bebo_dos_riachos.pdf
1134,"Alcançaste-me, Senhor",Ir. Míria T. Kolling,,cantos/1134_Alcançaste-me_Senhor.pdf
1135,"Tu cuidas de mim, Senhor!",Ir. Míria T. Kolling,,cantos/1135_Tu_cuidas_de_mim_Senhor.pdf
1136,Sei que não estou mais sozinho,Eurivaldo S. Ferreira,,cantos/1136_Sei_que_não_estou_mais_sozinho.pdf
1137,Louvado sejas,Fr. Fabreti,S. Francisco de Assis,cantos/1137_Louvado_sejas.pdf
1138,"Bakhita, és feita de amor",Ir. Míria T. Kolling,,cantos/1138_Bakhita_és_feita_de_amor.pdf
1139,"Aos doentes, do céu amor trazes",André Zamur,João de Araújo,cantos/1139_Aos_doentes_do_céu_amor_trazes.pdf
1140,Bem-vindo irmão! (Acolhida),Pe. Loacir Luvizon,,cantos/1140_Bem-vindo_irmão_Acolhida.pdf
1141,Caminho estradas sem fim... (Abertura),Ir. Míria T. Kolling,,cantos/1141_Caminho_estradas_sem_fim_Abertura.pdf
1142,Meu coração e minha carne rejubilam,Ir. Míria T. Kolling,,cantos/1142_Meu_coração_e_minha_carne_rejubilam.pdf
1143,Aleluia! Se alguém me ama (Aclamação ao Evangelho),Ir. Míria T. Kolling,,cantos/1143_Aleluia_Se_alguém_me_ama_Aclamação_ao_Evangelho.pdf
1144,Sou vosso e Vós (Oferendas),Ir. Míria T. Kolling,Santa Teresa,cantos/1144_Sou_vosso_e_Vós_Oferendas.pdf
1145,"Jesus, tu és a luz (Refrão orante)",Ir. Míria T. Kolling,,cantos/1145_Jesus_tu_és_a_luz_Refrão_orante.pdf
1146,É tua alma (Comunhão),Ir. Míria T. Kolling,,cantos/1146_É_tua_alma_Comunhão.pdf
1147,Vejam-te meus olhos (Louvor final),Ir. Míria T. Kolling,Santa Teresa,cantos/1147_Vejam-te_meus_olhos_Louvor_final.pdf
1148,Nada te perturbe! (Refrão orante),Ir. Míria T. Kolling,Santa Teresa,cantos/1148_Nada_te_perturbe_Refrão_orante.pdf
1149,"Salve Maria, Mãe de Deus (Abertura)",André Zamur,Fr. José Moacyr Cadenassi,cantos/1149_Salve_Maria_Mãe_de_Deus_Abertura.pdf
1150,Meu coração se regozija,André Zamur,Lecionário,cantos/1150_Meu_coração_se_regozija.pdf
1151,Aleluia! Sois feliz (Aclamação ao Evangelho),André Zamur,Lecionário,cantos/1151_Aleluia_Sois_feliz_Aclamação_ao_Evangelho.pdf
1152,"A vós, Senhor (Apresentação dos dons)",André Zamur,Fr. José Moacyr Cadenassi,cantos/1152_A_vós_Senhor_Apresentação_dos_dons.pdf
1153,Vós sois o nosso alicerce (Comunhão),André Zamur,Fr. José Moacyr Cadenassi,cantos/1153_Vós_sois_o_nosso_alicerce_Comunhão.pdf
1154,"Maria, Mãe do Cristo (Louvor final)",André Zamur,Fr. José Moacyr Cadenassi,cantos/1154_Maria_Mãe_do_Cristo_Louvor_final.pdf
1155,a Em nome do Pai,Fr. Luiz Turra,,cantos/1155_a_Em_nome_do_Pai.pdf
1155,b Que a graça,Fr. Luiz Turra,,cantos/1155_b_Que_a_graça.pdf
1155,c Kyrie eleison,Fr. Luiz Turra,,cantos/1155_c_Kyrie_eleison.pdf
1155,d Glória a Deus (Hino de Louvor),Fr. Luiz Turra,,cantos/1155_d_Glória_a_Deus_Hino_de_Louvor.pdf
1155,"e Creio, creio, amém! (Profissão de fé)",Fr. Luiz Turra,,cantos/1155_e_Creio_creio_amém_Profissão_de_fé.pdf
1155,f Bendito seja Deus,Fr. Wilson João,,cantos/1155_f_Bendito_seja_Deus.pdf
1155,g Santo,Fr. Luiz Turra,,cantos/1155_g_Santo.pdf
1155,h Eis o mistério da fé,Fr. Luiz Turra,,cantos/1155_h_Eis_o_mistério_da_fé.pdf
1155,i Saudação da paz,Fr. Luiz Turra,,cantos/1155_i_Saudação_da_paz.pdf
1155,j Cordeiro de Deus,Fr. Luiz Turra,,cantos/1155_j_Cordeiro_de_Deus.pdf
1155,k Eis o Cordeiro de Deus,Fr. Luiz Turra,,cantos/1155_k_Eis_o_Cordeiro_de_Deus.pdf
1155,l O Senhor esteja convosco! (Bênção final),Ir. Míria T. Kolling,,cantos/1155_l_O_Senhor_esteja_convosco_Bênção_final.pdf
1155,m Por Cristo... (Doxologia),Fr. Luiz Turra,,cantos/1155_m_Por_Cristo_Doxologia.pdf
1155,n Guiados pelo Espírito,Fr. Luiz Turra,,cantos/1155_n_Guiados_pelo_Espírito.pdf
1156,a Glória a Deus nos altos céus,Raquel Nascimento Pereira,CNBB,cantos/1156_a_Glória_a_Deus_nos_altos_céus.pdf
1156,"b Sê nossa luz, ó Senhor (Resposta à prece dos fiéis)",,,cantos/1156_b_Sê_nossa_luz_ó_Senhor_Resposta_à_prece_dos_fiéis.pdf
1156,c Santo,Pe. Ney Brasil Pereira,,cantos/1156_c_Santo.pdf
1156,d O vosso Filho permaneça entre nós,Ir. Míria T. Kolling,,cantos/1156_d_O_vosso_Filho_permaneça_entre_nós.pdf
1156,e Cristo é o nosso amém (Doxologia),,,cantos/1156_e_Cristo_é_o_nosso_amém_Doxologia.pdf
1157,Deixa-me ficar em paz (Refrão à Palavra),Pe. Eliomar Ribeiro,Tagore,cantos/1157_Deixa-me_ficar_em_paz_Refrão_à_Palavra.pdf
1158,a Aleluia! (Aclamação ao Evangelho),,,cantos/1158_a_Aleluia_Aclamação_ao_Evangelho.pdf
1158,b Aleluia! Tua Palavra é como chuva(Aclamação ao Evangelho),D. Pedro Brito Guimarães,,cantos/1158_b_Aleluia_Tua_Palavra_é_como_chuvaAclamação_ao_Eva.pdf
1159,"É um prazer, Senhor (Abertura)",Pe. José Freitas Campos,Fr. José Moacyr Cadenassi,cantos/1159_É_um_prazer_Senhor_Abertura.pdf
1160,A manhã alegremente (Abertura),L. A. Karan,Ir. Maria Luiza Ricciardi,cantos/1160_A_manhã_alegremente_Abertura.pdf
1161,Obras do Senhor (Oferendas),D. Pedro Brito Guimarães,,cantos/1161_Obras_do_Senhor_Oferendas.pdf
1162,Queremos ver-te Jesus (Comunhão),D. Pedro Brito Guimarães,,cantos/1162_Queremos_ver-te_Jesus_Comunhão.pdf
1163,Eu sou o Pão da Vida (Comunhão),Luiz A. Karan,Ir. Maria Luiza Ricciardi,cantos/1163_Eu_sou_o_Pão_da_Vida_Comunhão.pdf
1164,"A ti, ó Deus",Reginaldo Veloso,,cantos/1164_A_ti_ó_Deus.pdf
1165,Nós acreditamos,Ir. Míria T. Kolling,,cantos/1165_Nós_acreditamos.pdf
1166,Ó vinde todos,Pe. Arcangelo Gabriel Vigne,,cantos/1166_Ó_vinde_todos.pdf
1167,Nós vos adoramos e vos bendizemos (Refrão orante),Flávio Jabur,,cantos/1167_Nós_vos_adoramos_e_vos_bendizemos_Refrão_orante.pdf
1168,a De onde pode vir a paz?,Espiritual Negro,Simeão Gossens,cantos/1168_a_De_onde_pode_vir_a_paz.pdf
1168,b Entrega ao Senhor (Refrão orante),Ir. Míria T. Kolling,,cantos/1168_b_Entrega_ao_Senhor_Refrão_orante.pdf
1168,"c Nós vos adoramos, ó Cordeiro (Refrão orante)",Ir. Míria T. Kolling,Fr. José Moacyr Cadenassi,cantos/1168_c_Nós_vos_adoramos_ó_Cordeiro_Refrão_orante.pdf
1169,a Nesta ciranda,Eurivaldo S. Ferreira,,cantos/1169_a_Nesta_ciranda.pdf
1169,b Trindade Amor (Refrão orante),Fr. Luiz Turra,,cantos/1169_b_Trindade_Amor_Refrão_orante.pdf
1170,"O Teu olhar, Maria",Ir. Míria T. Kolling,,cantos/1170_O_Teu_olhar_Maria.pdf
1171,"a Bento, bendito",Pe. Ney Brasil,,cantos/1171_a_Bento_bendito.pdf
1171,b Discípulos e missionários,Ir. Míria T. Kolling,,cantos/1171_b_Discípulos_e_missionários.pdf
1171,c O Senhor é meu Pastor (Refrão orante),Fr. Luiz Turra,,cantos/1171_c_O_Senhor_é_meu_Pastor_Refrão_orante.pdf
1172,a Comam do Pão,Original em francês: Jacques Berthier,,cantos/1172_a_Comam_do_Pão.pdf
1172,b Tende piedade,Fr. Luiz Turra,,cantos/1172_b_Tende_piedade.pdf
1172,c Luz que ilumina,Glória Viana,,cantos/1172_c_Luz_que_ilumina.pdf
1173,Não temas!... (Vocacional),Ir. Míria T. Kolling,,cantos/1173_Não_temas_Vocacional.pdf
1174,"Tu, bela Teresa",Ir. Míria T. Kolling,,cantos/1174_Tu_bela_Teresa.pdf
1175,Na fé pura e no amor,Eurivaldo S. Ferreira,João de Araújo,cantos/1175_Na_fé_pura_e_no_amor.pdf
1176,"Vem, meu amigo! Amiga, vem! (Acolhida)",Roberto Lima,,cantos/1176_Vem_meu_amigo_Amiga_vem_Acolhida.pdf
1177,"Vem, meu povo! (Abertura)",Pe. José Cândido da Silva,João de Araújo,cantos/1177_Vem_meu_povo_Abertura.pdf
1178,Como são belos! (Salmo responsorial),André Zamur,,cantos/1178_Como_são_belos_Salmo_responsorial.pdf
1179,"Aleluia! Cristo, Deus (Aclamação ao Evangelho)",Pe. José Cândido da Silva,João de Araújo,cantos/1179_Aleluia_Cristo_Deus_Aclamação_ao_Evangelho.pdf
1180,"Vê, Senhor! (Oferendas)",Pe. José Cândido da Silva,João de Araújo,cantos/1180_Vê_Senhor_Oferendas.pdf
1181,"Sempre tua, Senhor! (Comunhão)",Pe. José Cândido da Silva,João de Araújo,cantos/1181_Sempre_tua_Senhor_Comunhão.pdf
1182,Quem vai habitar (Pós comunhão),Pe. José Cândido da Silva,João de Araújo,cantos/1182_Quem_vai_habitar_Pós_comunhão.pdf
1183,"Vai, meu povo (Louvor final)",Pe. José Cândido da Silva,João de Araújo,cantos/1183_Vai_meu_povo_Louvor_final.pdf
1184,Queremos ver Jesus! (Refrão orante),Fr. Luiz turra,,cantos/1184_Queremos_ver_Jesus_Refrão_orante.pdf
1185,Deus é luz (Refrão orante),Josenildo do Pajeú,,cantos/1185_Deus_é_luz_Refrão_orante.pdf
1186,a Estes lábios meus,Josenildo do Pajeú,,cantos/1186_a_Estes_lábios_meus.pdf
1186,"b Ó Senhor, tu és meu Deus",Raquel N. Pereira,,cantos/1186_b_Ó_Senhor_tu_és_meu_Deus.pdf
1186,c Cada manhã,Ir. Míria T. Kolling),,cantos/1186_c_Cada_manhã.pdf
1186,d Na palma de vossa mão,Josenildo do Pajeú,,cantos/1186_d_Na_palma_de_vossa_mão.pdf
1186,e Que o caminho seja brando,Ir. Míria T. Kolling,Bênção irlandesa,cantos/1186_e_Que_o_caminho_seja_brando.pdf
1186,f A nossa companhia,Josenildo do Pajeú,,cantos/1186_f_A_nossa_companhia.pdf
1187,a Escute a Palavra do Senhor (Acolhida da Palavra),Pe. Pablo Campesino,,cantos/1187_a_Escute_a_Palavra_do_Senhor_Acolhida_da_Palavra.pdf
1187,b Deus é Bom!,Ir. Míria T. Kolling,,cantos/1187_b_Deus_é_Bom.pdf
1188,a Confesso a Deus,Luiz Antonio Bergonso,Missal Romano,cantos/1188_a_Confesso_a_Deus.pdf
1188,"b Senhor, piedade",Renato Bevilacqua,Missal Romano,cantos/1188_b_Senhor_piedade.pdf
1188,c Glória a Deus,Pe. Joãozinho,CNBB,cantos/1188_c_Glória_a_Deus.pdf
1188,d Por vosso amor,Josenildo do Pajeú,,cantos/1188_d_Por_vosso_amor.pdf
1188,e Santo,Pe. Daniel Cristiano Nicolini,,cantos/1188_e_Santo.pdf
1188,f Aclamações da Oração Eucarística,,,cantos/1188_f_Aclamações_da_Oração_Eucarística.pdf
1188,g Eis o mistério da fé!,Márcio Aquino,,cantos/1188_g_Eis_o_mistério_da_fé.pdf
1188,h Amém!,João Gregório Bohatczuk,,cantos/1188_h_Amém.pdf
1188,i Amém!,Raquel N. Pereira,,cantos/1188_i_Amém.pdf
1188,j Cordeiro de Deus,Renato Bevilacqua,,cantos/1188_j_Cordeiro_de_Deus.pdf
1189,a Aleluia!,João Gregório Bohatczuk,,cantos/1189_a_Aleluia.pdf
1189,b Aleluia!,Oseias Cardoso Dias,,cantos/1189_b_Aleluia.pdf
1190,"a Vinde, Santo Espírito! (Refrão orante)",Fr. Luiz Turra,,cantos/1190_a_Vinde_Santo_Espírito_Refrão_orante.pdf
1190,b Silêncio (Refrão orante),Fr. Luiz Turra,,cantos/1190_b_Silêncio_Refrão_orante.pdf
1191,Reunidos em nome de Deus (Abertura),Zé Vicente,,cantos/1191_Reunidos_em_nome_de_Deus_Abertura.pdf
1192,Celebrai com alegria,Pe. Arcângelo Gabriel Vigne,,cantos/1192_Celebrai_com_alegria.pdf
1193,"Bendito sejais, Senhor! (Oferendas)",Pe. Ney Brasil,D.R.,cantos/1193_Bendito_sejais_Senhor_Oferendas.pdf
1194,Felizes convidados (Comunhão),Zé Vicente,,cantos/1194_Felizes_convidados_Comunhão.pdf
1195,"O Cristo, nosso irmão (Comunhão)",Fr. Beraldo,,cantos/1195_O_Cristo_nosso_irmão_Comunhão.pdf
1196,"Oh, vinde, amigos! (Comunhão)",Pe. Arcângelo Gabriel Vigne,,cantos/1196_Oh_vinde_amigos_Comunhão.pdf
1197,Ó Deus Pai Criador!,Fr. Luiz Turra,,cantos/1197_Ó_Deus_Pai_Criador.pdf
1198,"Irmãos, chegou já a hora...",Ir. Míria T. Kolling,,cantos/1198_Irmãos_chegou_já_a_hora.pdf
1199,Din don dan,Pe. Pier,,cantos/1199_Din_don_dan.pdf
1200,a Deus é Bom!,Ir. Míria T. Kolling,,cantos/1200_a_Deus_é_Bom.pdf
1200,b Bendito o que vem!,Ir. Míria T. Kolling,,cantos/1200_b_Bendito_o_que_vem.pdf
1201,"Salve, ó Divina Cruz!",Pe. Arcângelo Gabriel Vigne,,cantos/1201_Salve_ó_Divina_Cruz.pdf
1202,Cantem céus e terra,Taizé,,cantos/1202_Cantem_céus_e_terra.pdf
1203,Ó Santo Espírito do Amor,Roberto Lima,,cantos/1203_Ó_Santo_Espírito_do_Amor.pdf
1204,Ó Trindade Santa,Roberto Lima,,cantos/1204_Ó_Trindade_Santa.pdf
1205,"Ó Maria, Mãe querida!",Pe. Arcângelo Gabriel Vigne,,cantos/1205_Ó_Maria_Mãe_querida.pdf
1206,Há um lugar de paz! (Cânone a 3 vozes),John Foster & Tom Chaplin,Eurivaldo S. Ferreira,cantos/1206_Há_um_lugar_de_paz_Cânone_a_3_vozes.pdf
1207,"Aclamamos a ti, ó Maria",Raquel N. Pereira,,cantos/1207_Aclamamos_a_ti_ó_Maria.pdf
1208,Seja o verde o sinal da esperança,Evaristo Martins de Souza Neto,Roberto Lima de Souza,cantos/1208_Seja_o_verde_o_sinal_da_esperança.pdf
1209,Há coisas que nascem para serem eternas,Ir. Míria T. Kolling,Pe. José Bortolini,cantos/1209_Há_coisas_que_nascem_para_serem_eternas.pdf
1210,Não há maior amor,Ir. Míria T. Kolling,,cantos/1210_Não_há_maior_amor.pdf
1211,Pescador dos bons tempos,André Zamur,João de Araújo,cantos/1211_Pescador_dos_bons_tempos.pdf
1212,"Abre-te, ó céu!...",Ir. Míria T. Kolling,,cantos/1212_Abre-te_ó_céu.pdf
1213,Na casa do Senhor (Salmo Responsorial),Ir. Míria T. Kolling,,cantos/1213_Na_casa_do_Senhor_Salmo_Responsorial.pdf
1214,Aleluia! (Aclamação ao Evangelho),Ir. Míria T. Kolling,,cantos/1214_Aleluia_Aclamação_ao_Evangelho.pdf
1215,"Pai, a Ti entrego (Oferendas)",Ir. Míria T. Kolling,,cantos/1215_Pai_a_Ti_entrego_Oferendas.pdf
1216,Feliz quem tem coração (Comunhão),Ir. Míria T. Kolling,,cantos/1216_Feliz_quem_tem_coração_Comunhão.pdf
1217,Até o céu!... (Louvor final),Ir. Míria T. Kolling,,cantos/1217_Até_o_céu_Louvor_final.pdf
1218,Ó vinde a mim! (Refrão orante),Ir. Míria T. Kolling,,cantos/1218_Ó_vinde_a_mim_Refrão_orante.pdf
1219,Firme de pé (Refrão orante),Fr. Adolfo Temme,,cantos/1219_Firme_de_pé_Refrão_orante.pdf
1220,"As vossas obras, ó Senhor (Abertura)",André Zamur,Fr. José Moacyr Cadenassi,cantos/1220_As_vossas_obras_ó_Senhor_Abertura.pdf
1221,"Em vossas mãos, Senhor (Salmo responsorial)",André Zamur,Lecionário Santoral,cantos/1221_Em_vossas_mãos_Senhor_Salmo_responsorial.pdf
1222,Aleluia ao Rei (Aclamação ao Evangelho),André Zamur,Fr. José Moacyr Cadenassi &,cantos/1222_Aleluia_ao_Rei_Aclamação_ao_Evangelho.pdf
1223,O Senhor não abandona (Louvor final - Quaresma),André Zamur,Fr. José Moacyr Cadenassi,cantos/1223_O_Senhor_não_abandona_Louvor_final_-_Quaresma.pdf
1224,A cruz que triunfou (Preparação da mesa),André Zamur,Fr. José Moacyr Cadenassi,cantos/1224_A_cruz_que_triunfou_Preparação_da_mesa.pdf
1225,A morte ficou derrotada (Comunhão),André Zamur,Fr. José Moacyr Cadenassi,cantos/1225_A_morte_ficou_derrotada_Comunhão.pdf
1226,Triunfaram (Louvor final),André Zamur,Fr. José Moacyr Cadenassi,cantos/1226_Triunfaram_Louvor_final.pdf
1227,a Como rios de água viva (Rito de aspersão),Adenor Leonardo Terra,Maria Luiza Ricciardi,cantos/1227_a_Como_rios_de_água_viva_Rito_de_aspersão.pdf
1227,"b Senhor, que sois o caminho (Ato penitencial)",Pe. Zé Lauro,,cantos/1227_b_Senhor_que_sois_o_caminho_Ato_penitencial.pdf
1227,c Glória,Pe. Zé Lauro,,cantos/1227_c_Glória.pdf
1227,"d Senhor, ouve-nos (Oração dos fiéis)",Sergio Fritzler,,cantos/1227_d_Senhor_ouve-nos_Oração_dos_fiéis.pdf
1227,e Santo,Pe. Zé Lauro,Missal Romano,cantos/1227_e_Santo.pdf
1227,f Aclamações da Oração Eucarística,,,cantos/1227_f_Aclamações_da_Oração_Eucarística.pdf
1227,g Aclamação memorial,José Weber,,cantos/1227_g_Aclamação_memorial.pdf
1227,h Doxologia final,José Weber,,cantos/1227_h_Doxologia_final.pdf
1227,i Amém!,Dulcemar Maciel,,cantos/1227_i_Amém.pdf
1227,j Cordeiro de Deus,Zé Lauro,,cantos/1227_j_Cordeiro_de_Deus.pdf
1228,a Kyrie,Canto Gregoriano,,cantos/1228_a_Kyrie.pdf
1228,b Pater Noster,Canto Gregoriano,,cantos/1228_b_Pater_Noster.pdf
1229,O Senhor me chamou (Abertura),Waldeci Farias,Pe. Josmar Braga,cantos/1229_O_Senhor_me_chamou_Abertura.pdf
123,a Quem ouvir e praticar a Palavra,ODC,,cantos/123_a_Quem_ouvir_e_praticar_a_Palavra.pdf
1230,b Aleluia,José Renato,,cantos/1230_b_Aleluia.pdf
1231,Da terra o trigo (Oferendas),Ir. Míria T. Kolling,Fr. Darlei Zannon,cantos/1231_Da_terra_o_trigo_Oferendas.pdf
1232,Trazemos os frutos da terra (Oferendas),Erli Mansk,,cantos/1232_Trazemos_os_frutos_da_terra_Oferendas.pdf
1233,a Santa Eucaristia (Comunhão),Ir. Míria T. Kolling,,cantos/1233_a_Santa_Eucaristia_Comunhão.pdf
1233,b Lembra-te de mim!,Ir. Míria T. Kolling,,cantos/1233_b_Lembra-te_de_mim.pdf
1234,Foi a sede de amor (Comunhão),Monica Braynner,,cantos/1234_Foi_a_sede_de_amor_Comunhão.pdf
1235,"Jesus Cristo, luz (Refrão orante)",Taizé,,cantos/1235_Jesus_Cristo_luz_Refrão_orante.pdf
1236,"Ide para a minha vinha (Vocacional, final)",D. Pedro Brito Guimarães,Fr. José Moacyr Cadenassi,cantos/1236_Ide_para_a_minha_vinha_Vocacional_final.pdf
1237,Em silêncio (Refrão orante),ODC,,cantos/1237_Em_silêncio_Refrão_orante.pdf
1238,Desperta em mim,Ir. Míria T. Kolling,Pe. José Bortolini,cantos/1238_Desperta_em_mim.pdf
1239,Catequista,Monica Braynner,,cantos/1239_Catequista.pdf
1240,É hora de evangelizar,Ir. Carol,,cantos/1240_É_hora_de_evangelizar.pdf
1241,Eu vos dei o exemplo (Refrão orante),Ir. Míria T. Kolling,,cantos/1241_Eu_vos_dei_o_exemplo_Refrão_orante.pdf
1242,Ó Nossa Senhora de Lourdes,Pe. Ney Brasil Pereira,,cantos/1242_Ó_Nossa_Senhora_de_Lourdes.pdf
1243,Saudemos todos o mês de maio (Entrada),Maria Antonieta Cardoso,,cantos/1243_Saudemos_todos_o_mês_de_maio_Entrada.pdf
1244,"Flores, flores Mãe querida (Coroação)",Tania Maria Godinho,,cantos/1244_Flores_flores_Mãe_querida_Coroação.pdf
1245,Ave Maria (Louvor final),Tania Maria Godinho,,cantos/1245_Ave_Maria_Louvor_final.pdf
1246,Eu vos anuncio pascal alegria! (Cânone a 3 vozes),Ir. Míria T. Kolling,,cantos/1246_Eu_vos_anuncio_pascal_alegria_Cânone_a_3_vozes.pdf
1247,Luz da luz,Pe. Ney Brasil,Fr. José MoacyrCadenassi,cantos/1247_Luz_da_luz.pdf
1248,Vem a noite,Folclore russo,Fr. Adolfo Temme,cantos/1248_Vem_a_noite.pdf
1249,"O povo de Deus pelo deserto(Para romarias, encontros...)",Pe. Jocy Rodrigues,,cantos/1249_O_povo_de_Deus_pelo_desertoPara_romarias_encontros.pdf
1250,"Senhor, és minha rocha (Refrão orante)",Oseias Cardoso Dias,,cantos/1250_Senhor_és_minha_rocha_Refrão_orante.pdf
1251,Ladainha do Advento,-S:Ó Senhor -T: Aleluia! -Sabedoria...,,cantos/1251_Ladainha_do_Advento.pdf
1252,Cadê minha lamparina?,Pe. Josenildo do Pajeú,,cantos/1252_Cadê_minha_lamparina.pdf
1253,Ó vem Jesus! Maranatha! (Advento),Pablo Rosa,,cantos/1253_Ó_vem_Jesus_Maranatha_Advento.pdf
1254,O Espírito de Deus,Ir. Míria T. Kolling,Fr. Moacyr Cadenassi,cantos/1254_O_Espírito_de_Deus.pdf
1255,Quero cantar (Oração da manhã),Ir. Agostinha V. de Melo,,cantos/1255_Quero_cantar_Oração_da_manhã.pdf
1256,"Ai, como é bom",Elói Edmundo Franz,,cantos/1256_Ai_como_é_bom.pdf
1257,"Senhor, como é linda a tua casa!",Pe. Ricardo Dias Neto,,cantos/1257_Senhor_como_é_linda_a_tua_casa.pdf
1258,"Aleluia, que o mundo possa ouvir",Pe. Ricardo Dias Neto,,cantos/1258_Aleluia_que_o_mundo_possa_ouvir.pdf
1259,Vimos dos nossos campos (Ofertório),Pe. Ricardo Dias Neto,,cantos/1259_Vimos_dos_nossos_campos_Ofertório.pdf
1260,É Jesus Cristo que comungamos (Comunhão),Pe. Ricardo Dias Neto,,cantos/1260_É_Jesus_Cristo_que_comungamos_Comunhão.pdf
1261,Agora vamos testemunhar (Louvor final),Pe. Ricardo Dias Neto,,cantos/1261_Agora_vamos_testemunhar_Louvor_final.pdf
1262,Eu sei que é imenso o campo,Pe. Ricardo Dias Neto,,cantos/1262_Eu_sei_que_é_imenso_o_campo.pdf
